latitude,longitude,yield,fertilizer_use,ndvi,evi,soil_carbon,soil_moisture
0.976270079,1.857605416,3993.071925,38.59284925,0.374793531,0.601560003,8.303666236,19.48868735
4.303787327,-9.798726087,1720.810829,56.72744224,0.428685981,0.513534167,5.284755874,27.03664059
2.055267521,-0.483476083,2556.092578,69.98490622,0.683056619,0.782137329,5.70840391,32.25044924
0.89766366,4.175407819,1150.400726,40.79134368,0.60094779,0.887078198,3.254685278,34.8045228
-1.526904013,-9.12049136,1047.150957,107.9056565,0.070482979,0.00201192,6.445387151,33.57444498
2.917882261,7.59042966,4985.071487,113.8953777,0.157477859,0.973626996,3.726143278,10.8126981
-1.248255775,0.401628333,2952.786632,155.9161667,0.070555687,0.344120737,6.195556131,33.99363434
7.835460016,-9.386779033,2488.099056,139.102905,0.034590126,0.399127342,2.52710304,7.052017061
9.27325521,-5.511727762,1784.688378,49.16084227,0.776004918,0.3676832,2.435221831,12.00597385
-2.331169623,9.073513929,4228.76898,31.50125776,0.850958908,0.844363383,4.753267671,26.8024352
5.834500762,1.646394661,3823.010878,180.7759424,0.416177832,0.736792639,4.841375636,9.014238391
0.577898395,-7.850548645,1006.224792,165.1269881,0.968840785,0.178910893,3.412983384,26.11716583
1.360891222,-4.249109954,4084.906692,1.487965728,0.863597702,0.408093556,2.184371653,15.7787992
8.511932766,-0.865927483,1445.930981,4.685414271,0.860385044,0.002726732,1.352894853,20.03133048
-8.579278836,-9.580998615,4794.530721,97.76546373,0.3671844,0.803113321,1.227086446,16.03030262
-8.257414006,-1.767689728,2330.944336,167.6679939,0.954347163,0.236280476,3.44395261,7.456074875
-9.595632051,-0.210827291,2804.411101,185.067858,0.748929846,0.08301669,5.156680979,22.52655635
6.652396911,-5.126442494,1019.923623,38.79212219,0.353692429,0.660768969,7.536189532,38.72598055
5.563135019,1.772780006,4297.570754,161.8692084,0.888832894,0.219095606,5.273845306,26.41241719
7.400242965,5.064802392,2232.673017,83.20158061,0.0041123,0.549007684,9.136457375,15.50111551
9.572366845,-5.283315518,3225.787505,130.3943099,0.571591041,0.161204904,1.316978241,38.46524419
5.983171284,2.409998006,4706.403188,63.10844101,0.520172793,0.790108353,2.625945594,18.62330382
-0.770412755,2.792444859,1624.889533,25.19437736,0.081789941,0.981973525,4.046630435,29.41312069
5.610583526,8.970806023,4469.318452,141.5090639,0.86235649,0.107492058,6.197465693,27.19394817
-7.634511483,5.565523346,3000.955723,61.61386167,0.281711168,0.841412611,8.674625421,38.35187968
2.798420427,6.966905396,4697.824696,5.944641208,0.376350079,0.489789552,4.151817568,37.01109431
-7.132934252,-0.191601831,4289.420201,193.3586075,0.475153414,0.051410865,3.411898143,10.18014197
8.893378341,-6.29302826,2771.920123,85.75903056,0.81693483,0.521307595,1.55700252,7.999005616
0.436966435,9.916305859,1354.847083,19.86154309,0.594938031,0.481922919,8.391731299,33.33748147
-1.7067612,-7.412884779,1120.78982,162.4853187,0.563957204,0.891413003,4.416997989,36.67301247
-4.708887758,-0.570853613,4496.923239,169.7208639,0.362377576,0.340391787,6.143951759,22.25407614
5.484673789,-8.638138015,2897.13967,60.27001671,0.279684672,0.757492167,9.851998764,29.17664458
-0.876993356,8.877017147,3654.779632,136.5529833,0.478120232,0.13230601,1.014351135,7.442589806
1.368678977,9.298498817,4526.593657,24.04733764,0.255733532,0.388503253,2.309051266,12.69315392
-9.624203991,4.38778124,2218.635966,77.41617511,0.339511438,0.539358836,8.011998946,10.22816681
2.352709942,-3.000143127,4583.052074,44.30339483,0.440376335,0.181522305,8.246147367,26.04062042
2.241914454,-4.912351978,1110.129758,49.11667625,0.843500864,0.19777003,7.923224071,11.91389628
2.338679937,-4.693933509,2119.702715,192.9571501,0.930510617,0.245340882,5.832990019,7.094621044
8.87496157,-7.454119492,4247.06558,6.935143519,0.82974137,0.742796447,9.809712829,15.5772549
3.636405982,0.516179062,4412.881273,110.1464937,0.525699715,0.943490906,4.56566104,28.70243502
-2.809841989,-7.163654486,4779.341581,127.2806927,0.711557253,0.127155295,6.417493283,25.22523035
-1.259360924,-3.665386669,2212.04509,66.76971341,0.335208609,0.54793994,1.570321041,16.57537379
3.952623919,2.534129519,4120.942342,48.60275537,0.459196923,0.147103775,4.688717049,34.17176065
-8.795490567,4.550872192,4940.521211,159.2793841,0.940489656,0.054255836,7.502500788,14.66941878
3.335334309,-9.514545908,3108.02406,34.20286247,0.35494748,0.039457072,3.148649567,14.11916734
3.412757392,-1.397680312,2010.385159,130.107947,0.172985677,0.428906483,9.494448302,24.59815938
-5.792348779,3.042491897,1155.849262,199.9588382,0.472094057,0.425322759,7.181050309,21.73754739
-7.421474047,7.064919523,4038.612251,167.5603766,0.652591619,0.664192437,3.588178446,20.60904312
-3.691432982,-0.493504356,1555.381538,84.74352085,0.12651426,0.38993176,7.920990304,10.45249666
-2.725784581,9.384117434,2547.770426,136.3402365,0.122101419,0.22971642,1.748482946,22.66261671
1.403935408,-4.687349049,2237.111527,117.6938269,0.303694891,0.096303306,9.772969803,14.0656621
-1.227969731,-9.729825867,2667.402692,130.421923,0.907649101,0.57115776,1.443567332,18.72629589
9.767476761,-0.324942706,4623.99598,62.28707772,0.674603851,0.21733853,9.40110302,30.67496567
-7.959103785,-4.8777241,2703.791045,100.9973706,0.221934156,0.377150516,3.2756849,37.79019889
-5.822464878,6.47435344,4650.97725,15.28973213,0.603487561,0.017530338,7.820416969,32.08520378
-6.773809642,-5.344546556,4221.603439,46.39737379,0.660239834,0.249042059,1.000663295,19.19718631
3.062166509,-3.787415634,2153.513328,79.94786704,0.52305468,0.65100281,3.288160803,25.75615988
-4.934167949,5.82454862,2272.356076,31.34517436,0.759382461,0.123137814,7.74190546,31.12742356
-0.673784543,4.302865041,2479.376898,31.89755643,0.024738989,0.661355384,5.791024638,19.49773675
-5.11148816,1.161024733,3422.588766,35.65494839,0.191117227,0.860420833,2.034569347,17.60868556
-6.820608327,4.098961238,3696.250069,110.3039356,0.966371744,0.869368927,4.542667713,9.733515358
-7.792497177,-1.627262729,4888.919343,90.48394913,0.497740002,0.157395849,4.379944196,30.76912805
3.126591789,-9.893799048,4706.064254,124.4122709,0.076514798,0.467332652,6.113460198,34.34780068
-7.236340973,-9.77289743,3447.486886,196.1975068,0.30817969,0.894563657,7.011793652,16.08045439
-6.068352766,0.224435751,1184.955118,121.3961953,0.001772386,0.7299262,8.567472182,32.4227718
-2.625496587,-8.334180406,3181.230482,45.05312623,0.579414242,0.866386378,5.475082573,26.35745704
6.419864597,-8.978490397,2614.560885,53.08140441,0.99947825,0.386893012,4.528195456,32.44290662
-8.057974484,9.310332783,3179.114902,39.4865584,0.590099498,0.499012664,2.295788807,19.39680841
6.75889815,7.180052793,1160.705493,155.366249,0.610072929,0.895114053,8.243406685,31.16517273
-8.078031842,-6.959455456,4983.04883,99.35995877,0.327726613,0.429013711,7.420333649,19.29781913
9.5291893,-9.986715628,1227.833482,22.71940423,0.237032546,0.670167704,4.678096577,8.10652949
-0.626975967,8.833355908,2090.719737,174.743508,0.508156572,0.424590772,5.665890789,24.27026213
9.535221764,-4.433494034,1288.496116,79.1394642,0.899786167,0.70800648,6.9866456,20.90150542
2.096910395,-6.282047943,3190.444424,121.9220325,0.009751104,0.613224816,2.483250309,13.85079605
4.785271588,3.830162157,2407.273186,194.9234272,0.569650842,0.441603493,1.24478015,36.22396672
-9.216244155,-7.821925223,2501.199371,116.7203572,0.428511071,0.549021998,3.857533293,18.39986569
-4.343860748,-4.70700804,4156.670083,101.6161606,0.621179306,0.598148894,6.360265177,6.3694139
-7.596068776,9.501893604,4616.080462,181.5667571,0.839958026,0.879058203,5.379454822,18.37475091
-4.07719605,2.789255489,1662.787932,179.0944822,0.449043913,0.676871189,7.232991642,19.85784328
-7.625445621,0.41355583,2115.90776,91.16751955,0.217682782,0.713754473,8.37720825,35.15732031
-3.640336412,-2.041627703,2890.914481,136.5128484,0.376606987,0.969926592,5.395982201,32.97141228
-1.71474011,5.490019098,1451.526681,135.5614596,0.150551372,0.067661757,2.208403213,11.99883051
-8.717050073,-7.18085047,2546.152328,59.29081346,0.084899214,0.187613563,8.655651998,34.36602291
3.849442387,9.346756041,2208.352182,32.65700534,0.375876349,0.318122293,6.174912945,13.67745299
1.332029084,7.222460161,4687.905348,113.7587635,0.62569855,0.946067344,7.659437327,16.96769519
-4.692210181,2.353139651,1794.136482,7.215107261,0.262835336,0.228555026,7.341981882,7.688645889
0.464961069,-9.141876192,3884.845592,164.5788598,0.915684159,0.565094573,9.713905942,6.93747096
-8.121189785,4.017112989,1863.572835,152.1254,0.688951299,0.11776113,3.657765901,28.83010423
1.518929911,8.265686818,3502.633515,141.7664979,0.686313453,0.270667204,7.347760955,37.31693796
8.585923952,0.49154135,3327.962913,185.6309672,0.691710685,0.276109715,4.291086998,22.2555899
-3.628620951,-2.915503563,2834.897171,191.5980682,0.001684498,0.708466263,4.558696488,34.54327992
3.348207599,-7.5944531,4267.629209,93.44327198,0.813006753,0.108829082,3.07535173,32.78129374
-7.364042752,5.098022083,1890.868778,134.9634703,0.917608628,0.756984494,4.096091581,28.26375532
4.326544082,7.700437024,2909.120896,194.9150783,0.019397984,0.303546186,9.534670765,39.23801259
-4.211878141,-7.994965118,4929.670406,170.6904872,0.59829399,0.733470422,3.633137623,33.07657723
-6.33617276,5.179691095,1733.047157,130.8274697,0.67657577,0.366561115,3.213915454,14.6195538
1.730258696,-9.658790275,3181.729819,87.89832587,0.196242581,0.426401059,6.248241806,32.61549862
-9.597849076,9.341098362,2172.423133,148.5093253,0.838211263,0.12583076,3.322323611,29.24315762
6.578800584,2.301160413,1495.224238,11.69762467,0.625831414,0.10684191,5.26047153,18.98321563
-9.906090476,1.04878118,4406.371924,4.63626197,0.225055073,0.54184184,8.507586309,7.687911458
3.556330736,-4.081003328,3310.715366,150.7234536,0.967190117,0.637070153,3.073602829,12.50258354
-4.599840536,8.585833431,3315.317054,25.90475422,0.215865625,0.09213067,4.84022271,32.90332621
4.703880442,-4.681887453,3181.338949,162.3771332,0.678587807,0.139432244,6.494407615,13.69698508
9.243770902,6.562932264,1737.872427,78.8933565,0.473889779,0.032442751,5.910660321,39.92502941
-5.02493713,9.702173587,3274.532662,190.3038974,0.723284823,0.162408698,9.772509137,29.2895849
1.523146688,5.66793291,1365.556058,12.79688672,0.097759124,0.222577521,7.12333229,21.70278683
1.840838625,0.379798408,3730.567482,100.577283,0.952545256,0.690703095,7.659516178,24.96528416
1.445038116,-8.678514723,1205.828672,53.9612573,0.204489031,0.065214647,9.702603532,26.38054532
-5.538367347,-0.551724217,1756.604468,20.21724583,0.220383939,0.687406509,4.729942227,38.9130687
9.05498023,-1.234881061,2176.871188,108.2285987,0.554028535,0.405428474,4.198418336,10.66094181
-1.057492428,-5.944079176,2115.724871,1.257122217,0.349733263,0.142953723,1.394761868,14.53385309
6.928173449,-1.528247266,4248.409156,42.04413083,0.442129686,0.982329173,2.657838759,29.83568668
3.989585506,-2.844842318,2151.002578,90.36097614,0.037098497,0.504269022,3.134706688,13.39502941
-4.051260983,-6.726314777,1295.831608,69.23372254,0.234884445,0.294184278,2.651540204,35.49540068
6.275956394,-1.172517133,1271.930774,172.6341654,0.773533117,0.055505171,7.793055039,17.12869615
-2.069885183,-4.744000874,1597.654078,57.18008345,0.902215154,0.314321644,5.822946831,11.329379
7.622063942,0.441248414,2576.767602,64.42669157,0.233477443,0.612456231,7.008704213,6.66672663
1.625457453,-9.296798806,1787.256935,182.1491826,0.773349,0.245772912,8.384159448,25.84582641
7.634707237,8.124628396,1940.089438,34.2930442,0.028946693,0.569241451,3.076965472,33.88487663
3.850631802,6.32728611,1735.902622,124.9159982,0.04472428,0.278278126,3.933315458,14.58275889
4.505085596,1.05162665,2194.941589,79.17480433,0.393009218,0.044454427,7.375242403,37.11388202
0.026487639,7.036171655,3019.434914,13.02793673,0.147911146,0.413166262,4.534830513,31.52069945
9.121672694,9.247901476,4885.388287,159.3828006,0.166138569,0.356620288,1.263438461,7.145523887
2.879803985,-7.789554119,4167.961768,199.6217206,0.627397025,0.24589016,4.914596971,25.04215488
-1.522899029,2.616636168,1690.082814,84.49120702,0.858164269,0.528971832,9.174457778,24.86043291
2.127864283,9.959880019,4211.402762,119.6598371,0.778967242,0.389622824,4.681193604,12.08303067
-9.616136034,9.757783387,3840.37212,167.4212518,0.336493808,0.949945468,3.990240248,16.70905325
-3.968503667,2.066459846,4623.19364,157.1477566,0.875215967,0.621229123,9.905725747,21.03976128
3.20347075,-7.439582591,2738.826934,101.010474,0.84134592,0.358154143,6.799740078,6.682723743
-4.198447856,1.66385662,4468.39473,56.83797089,0.524211697,0.214336693,4.293982238,10.24217433
2.36030858,-9.958707289,3792.36101,50.37178596,0.475876063,0.665123859,1.918175782,10.74015362
-1.424625981,-6.021773307,2092.370304,173.8509365,0.058462419,0.920128719,8.090645005,18.27325141
-7.290518716,9.122463191,2559.104594,15.3501083,0.15052507,0.627113111,7.372674401,31.15751105
-4.034353481,-3.391188548,4353.914359,118.0648918,0.0854132,0.829392243,9.297242193,34.09562807
1.399298214,2.767802116,4230.849119,97.82652661,0.526772502,0.684228671,2.95548067,10.69971661
1.817455225,-4.382810107,1982.023891,98.34328359,0.676638496,0.947181505,2.03431915,31.31671126
1.486504977,8.956437742,4345.095562,160.9761758,0.61878201,0.407208906,7.516652738,28.47484854
3.064016397,4.571174599,4783.028288,30.40847795,0.872885244,0.772725248,2.830562578,36.17405872
3.0420654,-3.406976848,4511.077835,197.7044929,0.658702404,0.509185969,2.58493454,38.90769389
-1.371631291,5.835228424,2525.152111,62.9163046,0.829707691,0.049491467,3.878266019,9.356121308
7.930931917,-7.83668951,3164.647182,165.2038815,0.140425185,0.01326224,8.351426273,7.82358515
-2.648762599,-2.153621199,4383.842569,33.33526518,0.171648075,0.425123465,5.855829446,32.99055451
-1.282701495,-5.575637445,3865.60171,151.8800918,0.918412278,0.65997439,1.412653196,10.67598056
7.8384671,3.674528946,3836.419761,135.1296711,0.354704682,0.863272537,5.175052072,11.81010835
6.123879781,-7.951074365,2141.005844,159.0141798,0.216998767,0.03262316,7.155816502,35.87125729
4.077771671,-2.059483354,3443.20756,199.8285346,0.912069235,0.941844101,5.845315946,37.8637714
-7.995462254,-4.467005396,1217.844463,136.6749806,0.970104524,0.884760512,6.152051963,16.14649354
8.389652275,0.126858386,2188.589598,103.15505,0.637769646,0.873617205,3.022995956,34.47588352
4.284825991,-3.00204639,1811.155465,139.7330755,0.388338601,0.642669781,8.629653984,35.05999183
9.976940131,4.128211553,2548.058297,151.6866187,0.688385755,0.466658062,6.052588458,26.18866682
-7.011033907,-9.508459514,3952.918345,92.08460937,0.015557877,0.803993944,7.419214117,24.81309568
7.362521147,2.679738426,2042.164511,45.77391919,0.144712287,0.206174199,9.836777953,25.15434432
-6.750141306,-5.388574206,1715.660365,43.61621517,0.368714444,0.292291574,4.853787919,15.54512157
2.311191286,-4.625819425,4368.142701,4.375177045,0.832224501,0.1726933,8.929599514,26.66034636
-7.523600343,6.005112072,4660.391856,151.6990059,0.304315906,0.997981812,1.065529125,13.52530949
6.960164586,9.11136788,2784.866385,69.91130795,0.057871892,0.192181284,1.300665634,11.21713015
6.146379175,-3.668995799,1977.991087,151.7183058,0.378735273,0.700750919,6.312519296,19.4532659
1.382014772,6.536105407,2009.463607,26.0459292,0.241254152,0.46207227,3.80304456,29.7023148
-1.856334055,-7.920183241,2664.719551,134.4433541,0.056059938,0.033295285,3.234489103,26.74996906
-8.616660091,2.67963306,4209.77175,8.605261901,0.398924258,0.081263537,3.501418215,38.77087278
3.948575463,5.020645991,3245.926723,118.7515063,0.351421392,0.929428364,3.865626411,27.6259569
-0.929146346,-6.880441439,3309.343787,5.156005626,0.733839981,0.744542688,7.560529265,9.945991743
4.441111989,-1.479952247,4912.629263,139.4728967,0.063204821,0.546009785,6.12276375,10.64263747
7.327646519,7.854143285,1310.700787,158.3944237,0.379054446,0.209464803,8.101323753,8.257349903
9.5104301,-7.928430731,2900.053573,82.47869986,0.342433523,0.006356139,8.471769219,11.69108177
7.116066848,-9.638072836,2917.60918,71.2224229,0.646821525,0.772649917,8.586413734,25.92828152
-9.765718316,1.811707581,3215.895903,46.42315883,0.887920771,0.312298617,4.731797343,34.34002663
-2.80043871,-1.289369189,1671.760949,170.7761191,0.14298979,0.21404058,4.791460567,36.28536782
4.599811248,5.973784978,1675.688594,93.48898905,0.816253751,0.172311527,9.336392921,19.00153603
-6.567406455,8.469110764,2661.794244,151.2386545,0.609723403,0.808796385,6.955872351,24.550406
0.420732124,-4.016927109,3424.869025,123.9711119,0.029242694,0.620632906,1.724204656,33.32198573
-8.913240233,-2.231917657,2211.2101,29.15759296,0.766888679,0.641300778,5.879682587,15.92246824
-6.000069502,-0.274558273,2990.076816,34.02841609,0.537688033,0.925437259,4.204065337,25.84841516
-9.629564111,1.763029209,4947.029097,52.44779633,0.799928825,0.891799044,9.886914907,11.09288789
5.873954067,9.677076594,1121.72407,171.633783,0.408868033,0.680461235,1.122898658,21.67891192
-5.521506239,3.946605017,2863.469143,64.78800171,0.665502794,0.961026937,6.509627858,11.05752911
-3.092966386,-2.209029853,2895.618789,177.788012,0.198804205,0.228961008,7.51260785,21.18492366
8.561625869,-4.724646271,3767.225555,125.9538779,0.191844575,0.019602233,3.600160942,18.88868921
4.088288038,8.892514368,2065.600461,141.6624038,0.340262408,0.921706778,9.762773664,20.16426882
-9.363221409,-7.289031338,4199.73627,56.09607144,0.519440506,0.264327976,8.735829643,13.52992791
-6.70611687,4.40531705,2603.97368,9.638546169,0.716526791,0.973102967,9.240875569,9.761516983
2.42956803,8.507900506,1380.64957,90.77836478,0.666804823,0.224039059,1.173088534,14.64828648
1.544571772,3.293311731,3520.241996,128.1222012,0.821344563,0.278459595,6.128849362,13.38530137
-5.242143573,-1.538911197,1105.572578,67.04599725,0.426396916,0.909449823,3.651852178,30.70036709
8.684279958,-6.020181201,3867.208775,190.544865,0.912529254,0.812655158,8.641257714,30.09412755
2.279319119,-2.650493555,1048.561191,127.759377,0.109167724,0.097391226,6.695646912,25.45690478
0.71265606,4.137436188,3386.680809,198.7327971,0.187203309,0.575471249,5.849893039,8.196682936
1.798199527,2.990684484,4483.567918,160.2583571,0.683717575,0.157751606,2.031293527,24.8191649
4.60244059,8.559523332,3793.633709,102.0561631,0.25377268,0.071671575,5.862005243,7.773295908
-3.76110009,7.337218273,3497.375019,32.86499001,0.164590546,0.612381829,6.687137317,5.636055675
-2.035578756,6.323015045,2727.164501,129.9867916,0.886493745,0.07805252,9.603210784,17.34086403
-5.80312502,8.229017507,2344.782068,30.24506521,0.068400846,0.471894986,6.265459094,13.41907217
-6.276139882,-4.473256945,2481.182084,81.14097897,0.991471107,0.614512761,9.706605416,25.81266885
8.8874478,-2.609529197,2500.10568,98.7169019,0.862589311,0.939102672,9.65445504,37.50248708
4.791015901,-2.402121924,3119.534518,98.93497048,0.868257747,0.921272199,6.851803023,30.19482097
-0.190823828,1.209011774,1573.320324,49.56463413,0.628713063,0.607457454,5.553171857,31.85763017
-5.451707441,3.364364591,4527.527741,4.599404637,0.22485568,0.502712519,5.194195694,38.28125886
-4.912870365,-4.265666339,3503.502177,110.6571654,0.798091555,0.650391182,9.01340705,27.19318783
-8.839416794,-9.610750654,2497.744911,90.34974331,0.053800565,0.924965493,1.254310147,25.22058295
-1.311667489,-2.015552327,4928.848656,12.76311998,0.582115345,0.99094042,2.024273782,26.06537916
-3.76408236,-3.829440809,4490.110147,103.5206875,0.439159635,0.033090333,1.918645562,35.30318398
3.926869776,8.84369438,3427.264758,23.00006578,0.750406832,0.969552089,7.812417926,18.58346623
-2.444963214,7.765300811,2486.995274,198.3649498,0.023768132,0.803185979,4.056859215,32.83676789
-6.407926449,7.206213567,2476.375424,148.0119817,0.386785504,0.07500484,6.741716903,27.82899272
-9.506425432,3.059995219,1266.826905,72.7670297,0.477094402,0.800167878,6.434046135,15.66000428
-8.655007371,-3.114216706,2370.083883,167.9459616,0.152359225,0.66263291,4.472451728,5.479094384
3.58785547,0.976985348,1982.736914,20.4366876,0.414720187,0.905737941,5.7841095,12.34719965
-0.926063109,6.304500814,3434.204489,175.5561489,0.910477686,0.457797282,6.806246802,29.49960676
0.731584222,-8.027792626,3880.653942,131.7747065,0.468634224,0.503338463,9.468552969,25.28916084
7.933425861,6.021497605,2169.699242,16.32187056,0.251776178,0.837313312,6.180706656,14.61081449
9.806778948,-9.176404173,3184.589998,87.48922795,0.532335061,0.483787795,6.529307606,20.2005865
-5.662060312,6.328420624,4148.318573,119.3517601,0.060842435,0.526367901,1.610702359,28.1402068
3.261564062,6.151276083,3567.615241,124.7465771,0.294268543,0.244358879,9.569942333,9.448014917
-4.733552465,-8.979853823,3974.64525,147.4013304,0.783636742,0.330422512,5.752737351,20.12978533
-9.586980011,2.543214229,1872.318751,131.8227259,0.64191425,0.287648375,8.211460779,19.58184752
5.167573077,0.049061486,3540.199572,128.7376994,0.023984852,0.045663218,1.452619568,23.9910357
-3.599656984,-6.603609937,2095.137252,164.0892203,0.569875999,0.58303379,4.788191222,23.26697881
-2.330722117,-7.032421246,1923.002353,4.111796042,0.21734008,0.842651504,3.312779132,17.87043398
1.766342271,5.465182521,2083.749117,191.9426345,0.975749816,0.770312653,3.402783088,31.69567701
6.620969105,1.353854977,2466.102046,86.05225489,0.783686996,0.24658564,8.12308357,7.3530164
2.579636872,9.659982698,2883.761666,56.87930746,0.127908099,0.586309689,6.614800527,6.243846539
7.453013109,9.644955546,1917.04577,97.92350106,0.385545678,0.490430656,4.957707807,19.70907689
-4.529159304,9.853339869,2399.853981,188.0593428,0.489969632,0.816553923,1.095271656,36.38429876
5.960936678,-7.627689633,4585.98686,183.7807972,0.182371714,0.353479923,9.684351487,14.71492727
-6.287281114,8.765122739,1538.50763,163.5438182,0.704283853,0.036596951,9.65820928,11.03082636
9.055833139,-5.10860782,1862.89624,44.65159578,0.84137876,0.887275812,2.957969893,37.4872938
3.749765528,-0.835754805,1242.770772,57.19433336,0.004464595,0.670280428,1.372117351,10.88781391
-5.689846458,5.148131116,3835.524519,165.8036841,0.133223388,0.18185846,5.771794267,18.11941878
8.94741181,-5.927581358,3117.642855,130.4420965,0.283462839,0.205704158,9.562697332,30.51554286
4.617116135,1.326232111,2897.281363,49.18780025,0.984110228,0.398199855,9.193562612,14.1323403
-4.921167148,-6.283665035,1137.660703,173.8242862,0.404527879,0.476388234,6.261965775,13.04473347
-5.733760453,-7.905277866,4845.370662,180.8268859,0.170251963,0.330300141,3.731939656,18.91835319
0.364014279,-7.668827751,4376.309459,126.9830361,0.120927118,0.515670451,3.969647954,32.55776851
-9.486745639,-2.847219303,4281.496432,196.9261381,0.901356164,0.89245025,9.081221963,36.88441736
-5.850598491,-9.906903263,4500.869902,110.3069005,0.810244084,0.629960707,5.426056321,6.095238477
-1.506290625,-1.502921576,4108.100644,171.6287566,0.619300607,0.36952915,2.180046061,10.77878446
-2.516600393,3.283942102,1557.750269,60.64443408,0.539695657,0.86044308,3.235829284,38.55104512
-0.728491513,-1.9662363,4885.969724,190.4134982,0.777153762,0.695723051,3.491154113,25.7476952
-4.447425874,-8.28410799,4734.873892,72.42928711,0.318150538,0.593723848,2.111920164,24.29935942
1.735686929,-8.74622276,3784.308446,19.90992057,0.639854657,0.516518166,5.167399434,33.47402877
7.277112118,-4.437669745,2168.042706,31.02683516,0.736845441,0.08783705,9.244458174,6.392415431
-7.649362881,-6.613746189,1004.444434,126.6904024,0.575648726,0.592935138,7.019042887,5.484268791
0.347582143,9.301899464,2943.447078,151.4369439,0.168731953,0.398259278,1.652265318,38.86229174
-7.358637873,-6.975395501,3379.21389,10.94520447,0.985904796,0.550329044,1.04945336,33.999974
4.337193624,6.109248748,4975.925293,93.90251512,0.811195562,0.124065021,3.486229007,31.15836235
-2.078805944,1.722158835,1531.660148,156.8414123,0.490626943,0.786177556,4.264236413,10.44952696
1.308426237,1.3857384,1355.28039,105.3968372,0.619970176,0.511956046,7.990747021,21.68113731
-6.334403276,0.241614318,2705.273752,83.77409925,0.760075991,0.830930557,9.703049715,37.80527385
-7.103044813,9.435261522,4003.824889,35.38854993,0.458585184,0.20681226,4.488104561,37.67598585
-0.238874387,-2.723104498,2360.281318,22.72788598,0.739116205,0.938084161,7.180210268,5.323648744
-2.887745243,5.758315019,3649.441011,66.6092952,0.772927898,0.578184693,9.954117166,31.33719932
8.808638905,1.105882149,4557.753546,56.98978137,0.45900739,0.075685706,7.710999255,5.218321826
5.306505076,-2.087326647,4172.647964,73.54560132,0.187768128,0.313717671,6.725705942,39.45056047
4.973272397,9.109318666,1406.383434,15.23655512,0.597767079,0.982684908,1.702673688,19.59385207
8.074394795,1.966319387,2784.301309,45.20384167,0.554288839,0.613334119,3.908936811,39.07315653
-8.331551291,-7.621661157,1151.970618,103.0633366,0.500493686,0.419747052,9.220529426,17.87113832
1.043849398,-1.64921598,1674.553298,198.3226175,0.058582023,0.915691415,2.809049335,15.26155517
1.689521379,5.631634554,4082.844106,83.15260237,0.777563194,0.361284618,8.592313233,16.07021873
9.238727571,3.874940465,1696.372527,82.61841047,0.538708254,0.747145761,7.266913166,30.57376733
-4.157049464,8.326806597,3235.256197,56.82441486,0.430651452,0.146265081,4.296919337,11.98854919
-5.183424402,-4.812452317,3459.913945,111.5441936,0.814892221,0.697159696,5.762568427,35.24201921
-7.994121155,5.163874327,1626.545348,171.9739776,0.196884691,0.491439747,5.885258219,25.67004428
-9.671407408,-0.802495852,4659.28865,133.8771386,0.271681358,0.424629241,7.426484066,38.94688591
8.590586336,1.472194939,1234.00739,199.736737,0.639727044,0.231609181,5.64900347,39.54797162
3.398330932,9.10093362,4676.938366,189.0552833,0.390058037,0.987455851,2.197683912,11.48137005
5.70305824,9.5857264,1455.197549,168.6717371,0.303069289,0.123619352,7.961092044,38.45237188
-4.365397885,7.231819279,4603.479933,8.350500768,0.254615935,0.2034919,4.656452472,6.628847023
1.728203324,-2.818058245,2471.563708,150.9537253,0.485730787,0.377411326,9.667845012,5.975230344
-8.720894678,7.754016715,4159.363159,123.1767172,0.775536872,0.131120374,3.551624041,38.03526021
-0.287448081,2.772183553,2576.950541,149.162929,0.805325958,0.935324474,3.367709023,38.68388581
9.549902795,-1.400064391,3932.625932,195.4908413,0.790569701,0.910381391,4.001566561,10.15366854
7.530104906,-9.28514635,4409.563022,44.09494949,0.885645251,0.43819278,6.150853144,20.48455354
-3.236820963,5.402562484,3101.755514,72.27618595,0.050741831,0.492400695,9.053827662,22.29323848
9.231403091,0.042111614,2608.558268,110.5178452,0.98221686,0.062090597,2.586534761,35.10984328
-5.365967471,5.723769989,2578.530561,67.21734439,0.426461492,0.839372866,3.517109178,26.97710351
8.986376448,4.960455987,1226.367051,172.9249433,0.192982108,0.780487538,6.235118588,32.10982485
8.827554094,5.871347361,1059.262868,108.5074928,0.970022783,0.393288945,5.089008179,21.97838959
5.984051747,-3.986976826,3974.280537,1.050648685,0.825182323,0.477087264,5.025905985,27.69447958
2.608958737,6.015971981,2661.597934,182.2005267,0.929723552,0.659361797,8.386608359,30.7393276
7.485759332,0.976926569,1604.371074,104.43835,0.523153726,0.465579037,9.314904723,30.82584494
-4.13959431,-0.533475991,4486.147988,137.2069444,0.74774185,0.273190394,5.331762695,5.060823937
6.978871106,3.502518276,3551.086902,101.744254,0.519464038,0.297485443,7.186166159,8.496782581
2.357533838,-9.572826341,2898.017793,122.8221248,0.539450114,0.517313008,8.209528399,17.72811544
-9.735262845,-7.953663682,2427.939973,196.1989832,0.951500964,0.994531031,5.665297693,7.141910649
-3.055329641,-4.156452697,2378.985306,88.35926802,0.738356984,0.489925679,3.648847681,18.40463958
-7.037182781,9.659802199,2485.681123,139.593676,0.566777807,0.05579742,6.74276138,18.6348397
9.636587796,-7.205084423,4546.217343,171.8858479,0.392735264,0.938695416,6.265981903,37.2081738
-0.432593859,-3.388073985,2514.41651,20.90165467,0.164327639,0.305970896,9.114065378,24.84751492
-0.05217269,-8.978938706,1077.265724,116.2679942,0.115730375,0.039825377,1.471663331,29.72229482
2.789450328,-3.374622394,1579.734767,91.71448206,0.299666146,0.072285761,9.191182484,36.05195387
-2.628307877,-3.59347427,2384.832944,198.4349429,0.692804345,0.171134604,5.809888253,20.47452622
-7.261994566,8.936143419,1665.408803,187.3946999,0.191552619,0.634156407,1.141085044,5.068675061
6.442354664,6.90308174,4291.925846,37.24075881,0.131462137,0.367986082,4.102319609,14.98676086
-6.203041762,-2.344715615,4994.926443,19.5209839,0.077757377,0.917300041,7.519002075,33.4955545
0.226379651,-9.504618839,2336.652083,90.72766877,0.84624938,0.793273564,5.395897791,36.56444094
-5.513659421,6.62062228,2940.745393,3.830344914,0.241189822,0.32083684,9.821431337,17.30283534
-8.04311031,3.210723543,1190.472669,99.39267213,0.200850464,0.986115802,4.803490664,15.28969385
7.243830348,-6.952710327,1777.856456,147.6885156,0.390853868,0.666498798,3.939717067,37.35768239
9.45838978,9.92142542,1916.242022,176.6533475,0.6294862,0.017438759,8.39504741,17.28758076
9.216693161,-7.995331252,2549.931657,192.6476317,0.586259757,0.463088249,5.931160294,27.82858158
8.131109984,7.342290832,4305.666439,183.3756018,0.923657807,0.910323875,7.140939212,14.81082323
5.480946654,-4.114676717,2596.841088,182.7889673,0.68197213,0.295960348,8.251321042,8.427157958
-3.337096959,-1.292930673,3965.714438,66.97459556,0.56197155,0.92686639,7.042847915,22.54327091
-8.3779722,5.909130536,3114.359546,77.31731619,0.711598167,0.615363154,4.801667453,37.3131143
-1.855176572,3.55016712,3654.596819,162.8428167,0.663723488,0.583043642,2.123168031,26.65242639
-5.355317157,8.757287489,1788.895103,93.42925663,0.767478319,0.365827103,6.222233499,12.30893187
-7.350247305,2.422806509,1155.247234,30.11227868,0.572426313,0.956923611,9.076899941,28.88503507
-8.931456364,-8.04379677,1986.681845,90.85372544,0.807290795,0.43061617,4.770031839,31.89264004
4.511887284,7.687207265,1404.930659,73.98394143,0.900057305,0.63438624,9.196527114,16.22661967
-9.771450827,5.3831105,3810.67275,17.06445291,0.696476829,0.637085369,5.531750378,24.57232905
5.41161497,4.237409018,3276.902085,70.08261013,0.357619858,0.643393385,6.587574062,28.8683596
-7.061067092,-8.925329053,4174.75379,191.8441226,0.279978236,0.306042778,8.496896285,10.61236009
-8.409558348,-2.075545107,2610.385574,185.2948245,0.637185665,0.864741481,6.081373987,38.74353289
-8.207939315,-6.651283611,2041.968662,193.8276041,0.631429138,0.593603541,1.818724054,20.79381865
3.440956147,6.438078168,4444.163422,114.3365545,0.023910564,0.388445582,9.828814607,39.28825367
-5.092655803,4.010572456,3262.122099,21.17901177,0.74710939,0.32227436,3.212643717,11.6350853
-1.589210666,7.661551946,2891.595189,45.39767012,0.221874487,0.113684741,7.394547958,21.93207412
1.147375826,9.331502138,4565.374996,37.27307426,0.054490162,0.610242492,5.546020948,10.80487788
7.211023477,5.494952284,2391.250254,37.73071697,0.153199208,0.782607443,5.308953731,5.356328783
4.540885254,9.884661664,2635.608805,177.6685773,0.656780888,0.422465794,3.19546737,13.32563104
-4.593441895,2.295397723,2029.778314,40.80354111,0.523054688,0.915660849,7.499356891,19.1115568
-7.370344014,-9.257407922,1530.830078,75.79309667,0.846937742,0.12553565,2.015094383,20.08957582
-8.892513592,-9.714969697,3283.584314,18.61338224,0.10625275,0.487889294,9.914079784,36.02768043
-3.96802731,-3.157922496,4685.368528,7.301597685,0.829516641,0.642425807,8.608361834,27.24870424
-4.757637015,6.469434381,3595.209236,189.5701491,0.6509179,0.569604111,5.81058046,20.20545793
-0.877188664,7.322694126,3655.441694,152.4830384,0.214929544,0.88949431,4.820976605,39.57991949
3.665626711,9.216250576,4433.695441,86.97876834,0.736905616,0.684033456,3.578181692,26.49785161
3.912508913,-8.697570629,3800.484197,33.76334387,0.741333288,0.825033131,5.514323238,16.29320377
-4.329623068,-9.10857778,2503.761721,196.0807771,0.108001584,0.662125911,8.914757158,29.19588084
-2.401460882,8.265671927,4213.300434,86.83265302,0.266446811,0.344243472,3.475057606,22.34949729
-6.376980765,-3.899066033,1495.989485,108.9107817,0.638864904,0.272583796,5.504837129,35.84086929
5.770910246,1.159748012,4485.875753,15.08475952,0.380574663,0.349961343,3.110949119,36.37789417
-8.863038471,9.64889766,3036.567451,55.90867134,0.765244946,0.408178144,4.034342023,17.857264
3.939944834,-1.991029305,3183.285806,52.46678646,0.536042441,0.826807474,2.71234458,24.68186678
5.573907919,3.317427966,4690.70241,27.80479363,0.856997075,0.710936051,9.914852745,14.30207054
5.548151237,-1.982408727,3730.719557,178.8368792,0.111026015,0.826842364,6.143477018,26.93228631
-4.811548713,5.363893289,1312.673939,38.76383251,0.733746772,0.925136396,7.595336116,39.73214368
-2.523737241,0.554294511,2011.624126,6.160518103,0.46463997,0.814797159,1.884249221,34.14059812
1.751992704,-5.24953724,3843.066019,197.1719594,0.519390956,0.962277575,4.295057951,17.82434651
-4.543561952,-4.573877975,1372.484186,187.9147141,0.284045562,0.94986144,9.033758227,8.33831232
-2.582944016,-4.838815749,2045.187044,144.5892933,0.269063154,0.320961784,1.759944938,38.83386956
-6.058914396,0.646406565,2054.748351,168.2881929,0.189803815,0.392307059,2.489349055,18.63546725
-0.802882325,4.06378032,3830.834261,31.24797413,0.373345683,0.575205794,6.628758493,15.26833126
-9.107753975,8.985598001,1206.49316,15.9954997,0.238987845,0.690546196,6.605100947,16.07173875
5.995917691,3.881747502,2379.924567,172.8435021,0.189728076,0.464705671,8.5440434,22.14731783
-8.46087106,5.623856879,2705.491707,71.69694106,0.961795913,0.787769029,9.419434875,38.48629896
0.376702977,-6.621477683,1293.171187,64.55525451,0.447414282,0.632006813,2.277878279,39.53178125
-3.863798009,-2.5187475,2833.606153,137.7390193,0.678122333,0.595870279,3.334364367,15.36443546
1.550858977,-1.724395603,3125.630904,151.4081204,0.374148159,0.145395119,4.847152651,17.30140477
9.188666817,3.7276046,4883.274212,122.7371482,0.569793744,0.171314431,1.00812957,22.9132296
2.911404889,-4.082160472,4494.072723,19.05757461,0.499202109,0.313287229,1.628328727,5.286555102
-9.292751285,-3.934161572,4722.212755,73.05452509,0.612688148,0.962475004,3.038421501,11.11927971
-1.39195121,-2.882216907,2082.919873,2.631546585,0.722728754,0.076210348,5.329917676,37.76206572
0.200337046,6.206041631,1600.668959,19.49188719,0.663909206,0.960251238,3.263704644,6.030233297
0.723549894,1.551801801,3553.969456,145.6740809,0.762103389,0.477107231,8.89013703,8.53416979
3.627850212,-8.494454403,1806.099535,54.52090928,0.146304408,0.435961253,3.91845588,19.7226456
-4.448078045,-8.435078006,3345.928345,31.92407787,0.094031141,0.846879864,9.321605309,30.60075872
-7.422788691,-2.574261114,1782.899339,196.0911199,0.338899433,0.831476148,9.773085347,14.41073806
-2.146486469,5.331821012,1260.576106,164.0709745,0.481827861,0.133984009,5.048753805,15.70879567
9.128114456,3.77366853,2795.696793,136.4293209,0.224402586,0.8117444,3.044159352,15.6915543
-6.257382165,4.159647093,3545.799219,65.1190808,0.77322453,0.510703363,3.624995201,35.54106744
8.079679099,5.344201321,1376.538663,33.55661076,0.719555944,0.323127095,7.987003135,12.91341622
0.876119002,-4.256945742,3198.872179,163.2205722,0.913578918,0.108379229,3.46014737,24.68406391
-0.861771567,0.965125639,2747.339543,185.3078792,0.728960198,0.592227738,4.425245811,39.99759015
7.640828205,0.867052806,2020.96757,172.7388114,0.107145318,0.780331506,5.307182726,30.49629232
-0.827920765,4.792650024,1687.511532,50.52439526,0.664994824,0.885674516,6.176000048,16.77227294
4.483352732,9.137411382,1937.303799,17.83693381,0.412059338,0.971619103,9.964903963,31.79106396
-2.019493566,-4.440201104,4586.446179,100.8395506,0.259614777,0.123188521,3.089887796,38.38704976
8.080887858,5.865633455,1127.481801,154.6243074,0.601951422,0.396784,4.180813329,18.07382325
3.800500404,3.19941097,1589.938029,196.3286174,0.302190167,0.04867646,3.366020593,29.7803934
3.992441085,1.604757417,3072.67948,183.1743661,0.530856326,0.635743983,4.25002093,7.653149209
-3.445591969,5.497595587,3730.563664,6.399597553,0.575977385,0.88766961,1.907240652,36.33538929
5.135572855,8.880649329,2641.278746,4.414097126,0.529066915,0.687263069,4.238287905,8.368985362
2.721221109,-9.266171643,1961.431333,126.3448021,0.01068652,0.388709136,8.990785283,18.05237837
-5.199594532,-7.05199795,2097.38972,25.56043518,0.348738914,0.759923856,3.687308631,23.9877045
-6.78922355,5.12574463,3597.594454,121.4758799,0.790462264,0.996612943,4.347413019,14.22521749
5.92782949,-8.324172942,3851.60727,1.880722984,0.346895644,0.001122039,9.50026748,27.72442641
9.183332061,0.322474015,4881.14257,148.3402896,0.5093795,0.82805581,7.555410967,24.40500546
-0.837223455,-5.602784467,3814.031238,77.43039625,0.34663208,0.326271617,5.650648433,30.10148341
1.819683306,-4.514085923,2687.661862,151.5761417,0.199237907,0.74706647,7.994734556,17.39487778
7.154452884,4.036809659,1982.158062,138.5442432,0.199753471,0.23704086,2.10861684,24.11048614
-0.855530933,-9.396144535,3138.555066,95.52798635,0.748859585,0.201820405,5.180413179,33.42648901
9.037489537,7.466388558,3906.264765,101.7265432,0.62795266,0.809598137,2.064125159,33.37437211
1.515023241,-1.110420893,1466.368085,18.04101054,0.932057041,0.767388169,3.102563305,29.99839912
6.415342414,0.047865878,1239.23678,129.6720373,0.42100466,0.811220491,2.276805338,23.96775614
8.176874368,0.800959274,1896.63298,128.1510165,0.636567259,0.757340137,4.256211153,28.56413853
6.310476375,2.910885892,2676.989281,163.1664169,0.468539576,0.095862046,4.434753884,8.040810154
-6.811710731,-3.102868268,3668.69767,9.833816246,0.473937873,0.882878416,9.525777236,21.49610202
2.577968781,-7.977850189,1036.574508,37.55471808,0.854087376,0.377617549,3.377131581,35.10502251
-2.031314828,-3.632421267,3154.225076,132.5916863,0.454302744,0.219664513,5.251859608,26.25776876
-8.74574096,-6.63715764,2163.498699,110.3465249,0.928166801,0.567566961,8.302414636,37.9589087
-1.519354962,1.122663589,2340.062017,82.97422447,0.620507257,0.345864756,8.340558278,14.17624825
-4.826318662,-3.639427381,2732.919783,5.39302198,0.085424293,0.709869774,7.753088683,8.370563074
6.980766169,9.16134356,2840.099164,166.8039011,0.067982916,0.694618612,3.590503859,26.93147025
-9.333907469,9.31468556,2607.12219,58.02557887,0.982314212,0.850107453,5.454744575,8.182407544
9.179654437,2.402517611,1349.572333,72.95778632,0.399359386,0.993558558,2.675904357,32.37473772
-2.892623031,2.349945353,1636.57484,91.10618067,0.587458832,0.79956393,2.695595705,13.98598429
-2.865862192,9.707571291,2973.437479,108.9853974,0.43158607,0.141548972,4.922570918,23.85631505
-9.673429946,7.745663025,2546.227131,48.18820579,0.158896438,0.762642795,7.647329991,33.39819641
-6.295353495,5.301398983,4986.806711,99.7422456,0.125551703,0.566899538,5.73925834,32.5812379
-1.974809984,-3.728187765,4078.478015,185.0761521,0.212696153,0.563181241,8.980148988,22.35912595
8.585828346,-2.689219438,3331.405072,40.34086392,0.605337811,0.337245646,8.47817918,39.15462447
-8.007701396,-5.974664685,3191.340233,110.1128431,0.546533587,0.160732981,1.284448985,22.4171605
8.90603067,-0.257037462,1199.983966,194.6220276,0.328588432,0.173051941,6.115771386,14.75769958
7.389770611,9.807370443,3706.926132,95.95336291,0.04417424,0.057599506,6.482451379,15.58509356
-0.916752062,8.24301906,3261.7207,181.024118,0.32402805,0.805349825,9.654176299,31.02749534
-3.465982365,-7.63301132,3063.600627,7.596057092,0.398303324,0.743948428,1.20912964,20.29874636
-5.345117414,-9.496194214,4065.778721,104.7834877,0.756423783,0.856728608,5.779933939,19.65759697
2.28929413,7.972753368,4131.961592,0.574902452,0.737483989,0.70414313,2.843032257,5.717030834
-9.33850817,0.743402559,1866.76261,54.19752985,0.221408097,0.167786003,1.482966157,15.68473561
-9.687878711,-5.996202236,1738.596865,183.3265726,0.227673952,0.73595902,6.287396723,35.11340779
-1.42408555,3.473065392,3638.666147,83.08940592,0.627882827,0.557851932,7.953437293,33.12265744
-8.638518521,2.884463559,2323.209397,92.60769303,0.651776347,0.108672953,7.973789043,31.1278801
-4.961180235,-7.558287863,2819.116613,80.61475676,0.561102776,0.90512235,1.272595691,5.809493534
-5.576781693,-4.80799533,1177.509307,147.893827,0.11197138,0.902317103,4.662517602,5.9446602
-4.936176126,-8.798440714,2691.755765,79.63481893,0.285720148,0.627864205,1.400586644,15.90127358
-7.378895376,-5.802790523,4767.395881,102.1991704,0.031703211,0.41964122,3.230547823,21.60586453
-9.759275542,-7.353886503,3750.674385,12.68544221,0.761594147,0.237924103,2.735926325,36.84094438
-7.690314057,-6.135274151,4277.621991,142.6591289,0.806503427,0.097600526,2.936643213,18.46204356
2.36960519,3.709342918,3510.098857,106.8642712,0.920480599,0.805999499,4.052065726,15.0983751
9.485124256,-9.010005115,3340.433641,194.7136426,0.087915567,0.966753078,3.496762377,24.99035389
9.806900031,-7.962907695,4883.419819,174.2254091,0.906212956,0.014040632,9.660519202,37.01430048
-1.818918093,-7.316527238,2958.855513,69.08911227,0.918425223,0.479361287,4.17166408,30.8523549
-6.740911479,-3.669177581,4161.207852,74.49152522,0.997705992,0.106035788,9.047552638,34.98331987
2.775235147,-4.024993783,1925.643844,132.0556545,0.777888568,0.418539042,2.629375044,11.37691757
-0.193893069,-4.898724294,1407.844538,91.68930871,0.262637836,0.580612795,7.873721805,9.398255586
9.788195546,5.010733069,1725.307968,110.9222757,0.26455887,0.42910066,1.552109824,24.04248968
-8.693915857,9.960455755,2369.216467,194.1932239,0.688216878,0.017223483,5.164851065,29.4079789
5.664688766,0.679558473,2842.731422,18.13153473,0.679732662,0.987844768,1.049593962,38.42458169
-4.232030053,8.884054358,4557.54815,118.9571262,0.660329201,0.92580426,8.292616868,18.0037043
-5.171627598,-2.067797757,3370.502125,135.5179851,0.353120868,0.772373108,9.554374324,17.12948983
3.250091431,-7.866351064,3570.440371,43.87414812,0.519797278,0.400680899,1.315966337,23.05490043
-5.0787363,-1.824523411,2539.796187,117.2189468,0.301497479,0.689490181,9.404617253,28.97282778
3.317182351,-4.077444532,3678.479754,154.989932,0.596790715,0.709768376,7.964685023,24.8108322
0.346170344,-0.131860754,2616.463783,57.10157841,0.772402177,0.340254641,4.229754209,30.30607427
-1.518220231,3.140873538,3432.27646,195.4021883,0.69869628,0.039686514,9.179888961,18.3110228
1.093756173,-0.778995617,3143.240019,26.0531237,0.432505328,0.622314517,3.666315441,35.17691706
-4.258969602,8.703210242,2231.626168,94.78542193,0.524728401,0.948083745,4.68365781,11.40414578
4.131494125,7.695296446,1334.409918,145.7742195,0.772418497,0.74778729,1.87040136,16.0566625
-1.702862613,4.039551903,1490.415684,88.03815967,0.232852909,0.227987389,6.912450657,32.07871823
-2.78908879,-0.206301753,3299.622583,102.8981596,0.221298599,0.555810301,1.266407459,16.74852889
6.573138291,-7.366254364,1292.445712,94.96314402,0.484986813,0.390214731,5.364147477,28.38541108
8.499338239,-2.059726664,2812.222274,10.72261472,0.494136478,0.54650053,7.148726652,15.07291632
-9.079853782,4.088030788,4596.24375,64.29647549,0.023472748,0.72405949,8.391138409,11.54865199
-5.347460143,-4.302289589,3330.556296,16.58268688,0.581946339,0.486717155,2.349472507,15.52563974
-3.02961261,-7.920238449,4906.651837,152.0630252,0.417741432,0.912316261,7.786813296,36.0447654
6.299329587,8.15796915,2151.523291,95.51793018,0.576379705,0.692114688,7.471693212,21.1309095
9.709828553,4.181016196,3599.653734,81.43232428,0.914823674,0.352318841,6.036134807,12.88953038
9.379434093,2.305528533,4739.019582,152.1857872,0.333118083,0.612333826,6.26180138,16.25035062
8.098966911,5.849978112,2397.617011,131.4238465,0.107835844,0.455376722,1.821436488,5.096983482
-4.068874699,6.712920752,3134.32219,82.65470857,0.206518689,0.792030839,6.404239389,31.45329007
9.840224868,-0.330820037,4388.713885,26.77958932,0.306537058,0.007449578,4.433699864,12.89871084
-5.011599179,7.623765028,2325.33874,96.51942023,0.863470096,0.585565512,8.808227662,25.92723641
-7.881876902,8.328380214,1035.814149,38.48739134,0.549074292,0.023491401,3.817889936,5.878833836
9.019052221,-4.568978092,4960.902074,83.89688558,0.995082067,0.979334396,6.189355696,34.20744512
-5.331594891,2.150907196,2624.490306,176.1503547,0.285032016,0.507532542,4.839142597,11.56056638
3.795365302,0.531680576,1437.899989,55.17753674,0.068726816,0.278799506,8.886357444,5.166893222
-8.83287282,0.758915583,3944.10987,86.74166448,0.301188136,0.110699514,3.285250003,15.54157329
4.614181983,8.753261879,2300.237983,6.296123938,0.992594932,0.341695213,1.709221243,37.21704916
7.634404247,-3.896225946,1673.826924,178.8060062,0.743099165,0.634079222,7.737901489,14.19149763
-4.551262091,9.668679565,1473.962066,15.90659695,0.91506135,0.972888321,4.716069552,22.62175933
-2.418862078,8.042624296,3790.29446,126.8926718,0.594844734,0.094400339,6.301885232,19.25304455
-2.514076334,-0.825542228,4973.048859,194.2851651,0.27536345,0.210236999,1.237503985,15.29872404
4.975765151,6.349065272,2567.658729,182.6228253,0.954431379,0.276943335,9.568988123,37.45737525
-5.243855149,5.380939886,4054.954433,6.19167043,0.229156452,0.766004126,8.898565396,32.61482178
-6.562938019,3.557899392,3616.96128,54.04142204,0.397114034,0.07897341,6.614811105,31.66696604
-1.014167026,-3.603322212,2683.846037,21.54120898,0.293387807,0.894397341,1.153268579,23.41374936
-3.910631852,-6.070980164,1195.735762,81.10206056,0.643459049,0.218986997,4.401788266,33.87015858
6.783782445,3.430553935,2637.715817,90.54848052,0.418009726,0.718027597,9.80916884,21.04500304
-5.24516348,6.859465928,1117.062736,33.44005264,0.957108208,0.760551765,7.131973229,21.28163427
0.04778915,-9.674944226,4808.966576,154.907614,0.967420079,0.893083709,2.448890752,22.28209222
8.851671994,2.856067506,2637.552832,69.78759873,0.096914018,0.207538919,5.145370738,13.29185788
2.679953955,-1.142539508,3316.960749,79.83311672,0.928333093,0.723267678,9.700639695,37.32781508
7.345788109,7.961755103,4762.93952,59.44455282,0.797996015,0.353075975,5.81237357,14.05627362
8.804193787,-3.570541383,3304.098459,57.30994895,0.712337436,0.388287097,1.221530752,11.9355825
5.015297238,-0.516303755,1689.315711,83.99801412,0.362785981,0.508312057,6.577948758,13.53131277
3.991501204,0.295342081,4806.454315,82.04961556,0.67955724,0.131173727,3.440948778,33.60732408
9.359311332,-7.191209573,1751.759482,103.0340782,0.810666434,0.358724529,1.889613567,31.89909732
9.888015793,4.257846054,1512.584574,141.7798399,0.830424746,0.940489351,4.626176003,19.9487383
-0.963566347,6.609526902,2449.805751,22.3542509,0.805775619,0.180628728,6.026707877,5.482366662
-8.582604436,-8.841814462,2739.403344,18.60438252,0.32002359,0.315163952,1.153366462,39.15072616
-4.144119371,-4.172223589,4909.490024,31.08608195,0.185012992,0.807278342,6.031421278,9.638584212
-6.952905886,-9.239106369,3216.219653,19.23545973,0.543775351,0.249978693,5.600828322,34.79979368
-1.650272504,9.130882094,4223.362406,32.52612195,0.254226021,0.164790423,8.145175448,32.36030803
-7.374213431,3.343376414,4075.934924,6.247010014,0.784985182,0.190514491,4.811948351,37.83265236
2.08235608,9.284008389,2608.90499,165.4062453,0.044669987,0.985676415,5.981053867,32.06894887
-2.343838817,0.629885567,1298.596946,160.2193256,0.425408548,0.41330761,7.678083737,16.59800568
7.907717686,6.041370478,1478.92492,4.76476486,0.778588029,0.395967329,9.074312846,13.11699152
9.355893436,-2.511720322,4970.869084,65.00000904,0.080559104,0.757018017,4.420311184,18.21917871
0.937698033,-2.923619349,4439.781052,125.2987467,0.686979145,0.062739677,6.414701462,12.10805097
-4.503528603,-2.434643658,2382.873041,30.64443472,0.231063256,0.16953785,7.251498131,30.18511617
1.844608375,3.157242675,4331.121134,34.33081435,0.127393893,0.719880102,1.389436088,33.92815214
7.935223164,-2.81093698,4599.469544,13.46679543,0.307886855,0.319651267,8.206844576,27.62536123
-1.865333083,8.007349032,4693.580379,31.49794677,0.019336248,0.701678311,4.396871667,11.5132456
1.041565534,9.665497301,4500.823969,129.4249339,0.630022497,0.022860344,7.032150473,6.308464886
-4.566944648,-9.391469693,1744.8796,125.9494108,0.332908883,0.590359619,5.244976596,25.31404434
-0.891117011,-6.127534192,4173.860185,53.40750264,0.993711199,0.544245749,7.321052284,21.19355868
-1.965729292,-7.755000148,1222.54063,51.61233104,0.097839347,0.144856375,7.518978813,11.98963749
-5.031730698,-9.152719058,4226.108185,83.12463139,0.894884276,0.118735863,2.724139121,17.88293658
0.117327677,-5.445180133,3307.634793,95.7535173,0.497957749,0.928154198,6.959568109,23.95131895
-3.79238348,-1.064133593,3939.74502,183.5179964,0.117700719,0.505016938,8.661910941,27.15209893
-2.539302722,6.739807306,3198.822247,135.4982939,0.856117341,0.049900529,3.120104805,21.68253221
0.499408845,-5.56351939,3390.075972,63.99509274,0.111045564,0.148557839,7.823651229,38.99874876
5.011900459,-0.121094887,1148.085496,153.1104351,0.645859281,0.672552821,6.704426018,6.617924016
-3.329850684,8.592374789,1125.823118,88.53135513,0.245217563,0.476764443,9.59613431,28.03727696
8.483175332,3.344294136,4248.522416,117.8803245,0.449117544,0.597662786,3.342219196,36.83452656
7.246370937,5.961580395,2164.22547,131.2596164,0.573019923,0.458275084,2.388499999,13.27974739
-9.02619408,1.019879404,4228.857034,65.02603961,0.91967546,0.925514973,3.809089138,12.47975158
-4.927149515,9.609329177,3814.016493,100.1257534,0.28451376,0.825248728,3.321629004,31.67814826
-1.077289747,1.773243094,3259.790659,20.21269609,0.387694847,0.980144499,7.811494844,22.02308279
-7.907442225,-9.089785721,1419.843738,169.4088963,0.199595771,0.939232942,7.597983735,39.72621273
-3.030480219,-6.040344001,1264.169616,190.4833353,0.343621635,0.728697899,7.027164108,25.61932672
4.801950512,-1.904527421,2535.925957,180.3677232,0.125811828,0.052530421,2.94741203,37.32046767
3.610289623,2.025543451,4701.007581,8.950726448,0.548083396,0.999101777,8.756261267,5.427368188
2.447688571,5.438617348,1905.05326,170.5747306,0.559231614,0.473318696,9.609144003,10.40888672
4.210568054,-1.738277482,2688.962992,168.4148155,0.623373136,0.060997036,5.784452363,28.95466657
-5.901526261,4.2011661,3566.751183,26.13380631,0.23035238,0.991423311,6.844354576,19.57632295
-3.166037703,5.797390062,2986.807437,144.1915466,0.432355653,0.570376718,5.506228891,34.25875993
3.524849646,-3.654796055,1100.383816,10.76988571,0.041429087,0.459004023,3.552019436,20.01143324
7.584695261,9.585404801,3781.146019,162.3721499,0.040256688,0.019789431,3.575328436,29.95488437
0.873561077,2.993129905,4673.630698,160.4054289,0.309462858,0.428401169,3.820784705,24.8156006
-4.346006981,7.619961216,3398.777193,193.5297045,0.489142951,0.183270747,2.717650037,9.196624857
-9.39529484,1.118753776,3321.650733,86.78935365,0.692974018,0.718948992,9.117312694,30.12829223
4.206736579,4.832062143,4341.192967,99.38012937,0.758673465,0.007866903,8.725583206,29.72301305
-9.84231793,5.410881232,4331.353615,86.22154108,0.40178098,0.533035681,5.154754252,9.050135292
-2.546418604,8.164967585,1747.026111,102.0748624,0.755606422,0.043716218,4.305262713,24.66690102
0.610744291,-6.993004863,2689.196589,163.0731847,0.727604011,0.714829996,9.451705209,16.74775061
8.442229235,1.165668483,4277.079128,173.6746398,0.632474171,0.953019493,3.001361223,21.05974237
-8.210109099,-1.432429738,3939.335867,3.072863087,0.141629761,0.043320548,5.981877635,19.79655426
-1.881153561,8.463180423,4377.552138,133.64736,0.287243989,0.103084161,1.4904834,8.667104149
-9.513736006,-7.898106115,1517.773236,124.8389227,0.533876752,0.515592974,2.720819773,10.53080452
-3.147780313,9.651477774,2757.868244,122.374118,0.813931934,0.982462104,6.4362424,8.038301565
2.444621177,7.509026482,3835.81287,149.9182591,0.403313817,0.411456731,6.959652876,11.73564548
-4.418641035,-8.523474369,3920.645018,146.6002304,0.967066246,0.615572955,6.228962368,34.83555353
-5.805001007,-0.180672289,1287.21967,21.48137799,0.66540057,0.76165333,8.826412744,5.858292724
-7.685935333,4.351190004,3847.761426,142.0590115,0.313055637,0.927920089,9.940646987,20.10660376
1.54280488,4.763030914,3504.913837,165.8223495,0.56143408,0.177016651,7.874756579,33.0327736
3.905400118,8.129882505,2395.652315,2.452705555,0.375073681,0.911426015,5.185826057,8.509037158
3.439142812,5.997308712,2216.434397,63.94540619,0.911981144,0.626424247,8.505412025,12.96997566
8.977220414,-3.781392393,1116.037399,40.03182894,0.048347194,0.805606916,2.083486547,30.46038976
-9.945935722,-0.031304283,2567.959259,3.759019992,0.228915535,0.295555222,7.149436268,27.66433514
2.943933078,4.035715259,2227.980431,173.737136,0.096566531,0.50010096,5.665040087,24.70583429
2.007844742,-7.231263173,2726.005485,107.523743,0.805619692,0.20895919,2.602592976,11.00742858
1.774792199,-6.120184048,3834.982466,147.3871437,0.191079402,0.854604134,9.756402556,32.80858542
9.255406397,-0.379151038,1581.927632,43.52045398,0.742847381,0.204579093,4.045936778,9.949493916
-9.662566533,-4.035084026,2919.849727,24.93153615,0.561596494,0.548326779,6.538810654,9.717926315
3.929648614,7.251184996,4171.413153,31.17562141,0.830215985,0.417913213,8.907348138,32.82622655
6.273572994,1.72554643,1994.538363,169.1828085,0.994948793,0.049589513,5.560199595,17.92281648
0.196143932,-3.026696046,4454.737542,51.69136693,0.154236787,0.412147649,2.036240652,15.94159906
-3.320702608,6.976660512,4731.837856,123.5330418,0.150417331,0.784397419,8.368651759,14.7535218
5.816803265,6.097568971,1451.358436,70.89219421,0.636215533,0.528932521,4.178923904,16.37402372
-8.055141487,9.967097542,1462.801978,88.07911418,0.036304373,0.304796891,9.84760182,16.92056599
-1.159287245,6.946153767,3580.807985,171.034766,0.81741795,0.445413315,8.954429018,29.37286928
0.399047491,-1.710869304,3068.759955,146.8562956,0.376639292,0.7742656,8.681044,13.40917704
3.879128219,-7.450022365,4614.310296,67.13308991,0.398934723,0.66815376,4.206278598,16.38642587
-8.182285359,6.812818164,4207.807621,179.440097,0.572045813,0.110903241,7.814168,32.1674028
-5.444809969,-8.804841641,3007.570247,63.15909128,0.342095391,0.531246578,9.876961567,36.96027007
-1.793968746,-2.994575853,1274.762036,150.0497672,0.30023524,0.198695239,5.736894508,26.44925896
2.46589346,8.394759615,1395.481914,157.9664978,0.204969219,0.978407309,5.236589395,8.679138031
7.739215624,9.215329469,2793.964043,72.14882484,0.71882147,0.738625373,1.131992389,23.95546312
2.376523365,2.81129187,2218.286476,104.8985783,0.768612561,0.081000795,7.301833919,26.9722606
-7.330770581,3.77296634,4772.517718,91.88638816,0.608102664,0.248229259,8.726298117,15.9918444
9.611602656,-9.150910225,3663.383289,124.9049307,0.236033801,0.078125676,3.227114675,33.98001305
7.435714695,0.289606822,2082.122317,145.9716019,0.694758943,0.370096358,3.835221194,32.37275838
0.054415223,0.937363576,2427.834489,182.4281434,0.157858906,0.822684554,5.506093192,25.13573474
8.446959636,-3.197985078,1323.13088,116.771172,0.878282462,0.066755548,1.648721416,10.07554563
0.827615875,-8.628063305,1998.752178,180.4718868,0.446326058,0.165357199,1.806782285,29.4083513
8.466121358,-5.421848006,2275.085602,198.5827853,0.475861274,0.267445244,4.78999683,36.33720323
6.597947372,-2.840321263,3567.793378,109.1468354,0.20414819,0.624080302,3.350970574,13.75353884
9.365728206,-1.29716027,1690.214939,50.4240049,0.615511121,0.974683448,4.654335723,38.55400635
8.395656216,1.818534511,3708.734798,128.5026797,0.985048885,0.822732066,5.089476683,31.9955839
-9.279323651,4.447830374,1470.597423,145.8381744,0.589100485,0.200926517,9.786460571,15.51125512
-6.504559917,-3.647362535,4576.504443,129.655114,0.652345155,0.710062807,9.498338381,26.58873934
-2.217306458,-3.420924802,3505.74623,11.14177799,0.288489166,0.556387752,2.257571364,15.77467762
9.042853946,-9.606167146,3309.89048,37.72888538,0.325851408,0.491627865,8.943273764,8.481375663
-3.99942161,-9.182502798,1749.086759,47.71672329,0.19635559,0.908385807,1.721859961,33.84520344
-6.790647122,-4.843566114,3963.482603,49.00437766,0.514601672,0.588129756,5.568719227,28.30324621
7.726093322,4.804899953,1944.208648,187.8214566,0.147974577,0.137209675,2.475189101,26.49002279
-1.07211169,2.566276607,4192.172884,133.6029711,0.618481276,0.164967791,4.293029308,9.976050825
8.157511887,5.395780414,4115.818349,46.43870042,0.465310224,0.921973414,7.690062031,18.20819896
-6.795390674,5.378388724,4757.583011,33.11261789,0.624311893,0.080205196,4.820549314,35.6822628
3.22235023,7.131349353,4130.772926,9.664870812,0.07072085,0.13791411,8.262561588,10.71565613
-1.194724943,4.40638532,2459.780741,56.60238054,0.884057072,0.653113684,7.469341399,6.676601045
-8.470264619,9.58021838,3042.608986,67.34135029,0.378581378,0.224337411,9.485555016,11.69030169
3.929262893,7.976504386,3507.476165,56.13909787,0.206931359,0.826099103,5.807404185,13.75630025
-5.052024889,1.734343324,2070.07226,143.963855,0.500783715,0.416006478,8.219331586,32.42748833
-9.207689548,1.76315341,4200.206473,113.3977587,0.929820897,0.482399813,3.906163957,27.68495149
-8.801114035,-9.314659193,2316.392169,20.66053666,0.694286147,0.128638158,4.111712606,5.606996138
-8.778429259,9.970531554,1520.544312,129.8722111,0.34008672,0.02816361,4.604594172,5.605137846
8.15465915,-7.368480053,1238.085713,62.10841383,0.303843547,0.759236232,4.698241609,24.84137501
4.797678357,4.806943933,3640.037524,148.2720103,0.661286557,0.073989704,1.929278986,27.16523548
7.961247144,6.420303902,2058.845477,97.79385269,0.088804657,0.64015902,5.671890454,9.389765832
3.451646226,-2.538909414,4406.302794,28.17922058,0.365410182,0.537531451,1.871228973,26.36617532
0.578798581,-6.062958907,4089.727394,36.58869375,0.478677784,0.518490546,9.007859222,13.41231686
-3.911072713,-8.024802264,1460.831806,110.2950143,0.760517477,0.299685022,1.556603049,16.78524699
9.959245027,4.972120117,3221.124912,56.89670889,0.325517314,0.756028636,5.047249873,19.30910531
-2.756218821,-0.946929416,4869.495584,76.41412335,0.792151829,0.400613551,3.562246598,9.066817868
-0.587021016,4.27435518,4316.923701,157.1134385,0.782687491,0.151254572,2.393824741,38.70827619
-2.435096502,8.308152977,4488.958257,111.197011,0.01946321,0.05604314,8.054530218,39.08175588
9.590538587,-7.068325277,2051.026798,175.4520573,0.190413124,0.342547996,7.43439159,20.57505912
-6.506832292,8.383420014,3901.913637,137.6076788,0.653394279,0.608054979,2.313531012,14.01132673
-3.440239982,-1.76747081,2359.526616,30.76288214,0.49604206,0.220322093,6.69489077,38.55080563
3.60697332,-3.894659802,4312.250651,19.91029263,0.027636322,0.742204793,8.132996506,33.63200888
-8.735847633,8.861245212,1410.608866,128.6642642,0.359648881,0.108725813,7.959989983,30.34800119
2.14498748,9.813033852,3740.456393,107.1129938,0.6257736,0.471964757,1.830516379,21.16341255
-0.447069942,-6.022155645,3579.617278,146.8593729,0.99168634,0.536704253,7.169614471,19.37025455
-4.320000465,3.136766939,2045.272574,110.9099816,0.206874495,0.821012096,7.444215288,32.27722453
-5.231734382,-7.870093725,3528.645902,197.5264459,0.152719007,0.117947683,8.759496403,23.18647872
0.290254866,3.018280077,4643.523828,196.3283752,0.364368462,0.001674994,5.57239905,28.12037486
-2.641448389,6.546264556,3460.663319,54.43185552,0.550912629,0.533709712,5.149846003,24.81675436
-0.869602175,3.68997093,1736.172041,158.373914,0.664499318,0.150725072,9.686046924,29.92648925
-3.250452365,-1.653337159,2224.649654,153.2231022,0.360814757,0.571693366,8.168610302,8.293675143
9.409873872,-2.338672809,2406.233735,168.0922865,0.228441638,0.032902806,6.028578917,18.21673824
-7.331211365,-2.137551696,2244.677394,84.06776352,0.00522443,0.49067502,3.975553642,10.8481216
-8.063920936,1.79423636,3737.629927,185.5602795,0.183446999,0.390740006,8.607141964,13.4715365
-3.132165424,7.631345401,4800.011121,75.35525265,0.100063564,0.156247382,5.098927505,12.02884968
1.820538017,8.581323145,3015.640653,142.664873,0.242109865,0.467847241,1.834166729,22.61628048
3.183529437,-8.929407596,4161.028209,120.4756018,0.322574473,0.477169408,5.094138454,5.664754598
-2.054865057,-6.367552107,4777.54029,72.78945577,0.078738401,0.067881434,8.847715565,38.73886607
9.985559878,-7.755513683,2497.777662,45.57665301,0.405845959,0.676907793,5.034539322,23.16373392
-2.962140076,-6.133307185,1185.114791,137.0707051,0.16762608,0.913699973,1.12914233,6.840002997
4.428133359,-3.067843788,4013.206418,180.4663662,0.581367552,0.613442734,6.503367915,28.87188441
2.751653891,0.130633652,3939.961314,79.69965793,0.377877415,0.627191295,9.962470031,14.41108175
6.261077265,2.58922454,2213.006311,19.29372794,0.639652066,0.748403055,8.355237256,8.736865741
9.524513269,4.642844383,2076.519535,56.12152944,0.776154387,0.936070609,6.55514152,34.06062901
7.795873129,7.802230828,3813.312629,80.13070393,0.084702995,0.98247701,9.229589981,11.9267661
5.291239487,9.781768745,1625.620529,81.41153037,0.382478677,0.492684875,8.322235135,8.66639941
3.964969556,3.257129571,4373.792901,127.5350137,0.97777518,0.945007834,5.487754175,6.991725841
-3.290036606,6.907290373,4442.516115,23.03004382,0.002309596,0.359242641,6.320982569,30.49952102
-7.046288436,5.560776938,3265.393715,22.52129603,0.458911007,0.727644802,7.581635283,27.93449366
-8.747279939,-3.849359216,1875.21994,34.70865658,0.468909556,0.936795685,8.617835476,5.286969921
-5.161965916,7.513845405,4796.012224,33.14665953,0.823721558,0.016232777,1.523587621,12.75181892
-1.354370376,-9.144737241,1941.126314,35.15187701,0.290226907,0.920543242,7.973234714,29.66387109
0.439925473,-9.992653125,2236.004161,1.045020948,0.77603065,0.885050113,5.02753096,10.32492991
5.461671081,-4.525347412,2767.328198,54.84065436,0.002200223,0.205485803,6.947187043,25.18627741
9.174818461,-0.758049407,3082.919794,113.1382304,0.490750018,0.4097136,7.881697099,12.46047634
-7.653590392,2.7672579,2822.069289,198.4383661,0.319320488,0.122919643,5.855517325,20.72319997
-7.859917196,-7.964594669,1000.827794,82.21357096,0.80815553,0.747186807,2.426633655,35.35980716
1.79389446,3.460202677,4448.785839,169.2111274,0.402947279,0.77741356,4.685741484,15.59087496
4.907961479,6.036317341,1094.954486,41.89429532,0.06987842,0.88094192,1.691856944,29.00903365
6.963007607,-6.293741608,4526.20244,187.9539454,0.708386965,0.441451961,7.20370622,20.33984315
8.716641604,-1.697494903,4291.27098,3.404048149,0.013222988,0.63006149,9.583355638,8.365433901
9.668524845,0.399699799,4746.796431,5.426642079,0.33441654,0.84364752,8.15727531,17.62222478
-2.003966156,-0.963859638,2255.853801,72.41376021,0.498329998,0.093378317,4.508077805,34.44480232
-2.393296329,5.996598618,1718.827999,175.0630719,0.741742411,0.119158168,6.258623464,39.05661848
-7.043826466,9.210447962,1217.146105,113.3848948,0.313063913,0.817784653,3.737806083,34.57785847
3.698688774,5.97906328,3750.970788,7.026915295,0.104097454,0.441969474,5.869410396,10.67799368
3.135239169,-8.440143642,1626.235406,168.070082,0.825256537,0.802869388,3.706542152,17.09282545
7.241251917,6.098711443,1671.325939,32.43623582,0.009822662,0.000150381,7.644922811,34.09158555
-8.054840104,-8.668073355,1921.571687,75.19959377,0.873131132,0.11502808,3.334073572,24.3863577
-0.044461843,-5.280592295,2114.476236,17.08008945,0.106497539,0.368343264,9.676183514,32.1665029
1.621638593,-6.938062063,1854.386337,186.2418438,0.125700955,0.397657201,6.95753859,32.22241433
-5.168859199,-6.049617863,3429.668941,1.247486195,0.166228864,0.833757881,1.619000629,7.488076522
-6.619491877,0.566302541,3044.463773,175.6913143,0.148343009,0.509782498,1.096999872,16.9842298
7.191616728,3.433797152,3602.746366,33.67239721,0.794779052,0.917964534,9.973417098,21.76575269
-8.829301555,-0.593574353,3568.192862,40.45154215,0.810981364,0.424697706,2.984550204,38.08286526
-0.587581922,9.193912781,4420.623025,44.1430606,0.169467987,0.066963853,3.813064736,36.43800804
-7.683319974,-5.194153599,1146.906619,28.46933967,0.112517621,0.457962045,2.875726128,19.8061194
-0.858824773,5.262804605,3230.84664,28.61936429,0.57248063,0.411008784,9.352915952,8.348307462
9.599246527,7.40364357,2543.766359,174.3179083,0.699706957,0.549457252,6.868115737,19.15898004
-1.525872931,1.241322215,4157.058661,83.41673171,0.559039858,0.639829154,5.539476912,23.75661664
7.14249835,-0.875549961,1914.218993,72.53532806,0.027689866,0.05890447,6.01885733,36.6539017
-7.653688716,1.923688936,3435.806876,49.09272146,0.766088253,0.617529433,3.860855626,15.32077435
-4.574958465,-1.423804597,2078.373696,180.9820869,0.714190216,0.13227367,6.527575021,15.8102451
-1.924145187,1.103877646,1938.684739,116.9990512,0.717259575,0.431813184,4.776403271,26.95141321
-2.0037572,-1.661320957,2311.34794,69.04658437,0.207213229,0.892330173,2.793053318,22.68170443
3.427669573,-1.990605794,1254.302967,39.53540461,0.070282708,0.133836528,6.909445897,11.85541357
-3.105637452,3.906929363,3985.544911,182.5838573,0.997284423,0.208759507,4.364565123,10.06545371
4.275337368,-8.142975739,4525.240242,40.96208147,0.477797233,0.423018763,8.065597412,22.13240234
2.783737985,-6.669158545,1067.940438,13.06579847,0.726242742,0.060393871,4.738554618,32.27868347
-2.016777095,7.023969434,3609.769661,126.1071428,0.096417378,0.286276614,5.574442375,32.2590938
-1.364797447,5.421546936,3251.602652,55.41886938,0.504932264,0.077469128,8.087198313,39.15312906
2.290553996,-4.370925454,4621.575601,35.57843188,0.504096659,0.477043621,5.030902836,18.39513694
-8.599156197,-2.454621347,3741.440907,121.0182239,0.122858013,0.573378725,9.695990216,18.71962644
6.448134767,8.520530133,2674.3399,91.27441103,0.351607645,0.749282356,8.137258005,5.063682317
3.068423222,6.361544503,3312.784176,31.41405937,0.891463339,0.92323938,8.437873648,34.04710778
4.526849288,2.286926,1508.857937,114.8912867,0.690214926,0.437620894,9.5852842,27.63199554
0.738460022,-5.570196424,1648.600481,133.4463293,0.7316708,0.627809952,4.49965566,31.94727416
-7.79045778,-9.114960574,1895.347785,138.7553308,0.878288792,0.060068291,6.220722378,21.471812
-1.899287734,-1.374843063,2932.360377,50.42876938,0.310285599,0.475313828,7.242325667,37.2067721
-1.892528343,3.452542785,2067.296443,103.7709629,0.789944703,0.870007363,7.061126352,6.018982924
-3.579140199,6.56960981,1402.177554,67.50277022,0.096538723,0.592278687,9.576431151,9.034841396
-9.400993502,7.053780115,3074.033784,185.3347717,0.577548732,0.375101413,3.595137705,18.16060672
4.745084852,-9.344481974,3791.319084,96.24430095,0.534148076,0.08924627,3.622253758,7.978706784
-7.804310839,-5.116859323,1385.756329,114.1106273,0.4311922,0.498585879,9.262039618,8.076075869
2.126162661,-3.21810823,3915.811278,106.277327,0.209169155,0.918703317,8.193750776,24.84054378
4.064349929,-6.225355781,1094.672671,199.6026462,0.427526514,0.073894228,2.830209617,12.56427068
2.695726459,6.059507567,3795.762494,179.1877242,0.844283139,0.530871419,6.130421903,26.92873237
9.18284504,5.349315262,4812.34102,197.4814955,0.730703374,0.426323285,7.711873607,37.52899378
-7.934036898,0.336660808,2827.067443,48.0775189,0.440603233,0.759463859,4.177327514,33.83587734
7.343343182,9.65852956,1263.563029,96.4731952,0.967588681,0.151150476,4.909440261,13.69506356
-9.416195303,-7.118829178,2130.728235,90.56138355,0.785291916,0.171195277,6.178569505,8.138202414
0.698337099,7.993034067,1590.055253,140.2984126,0.044260618,0.716004351,5.203977018,38.25673639
-1.915127641,-7.670734917,3003.746294,144.5170321,0.750736524,0.679957513,7.777381511,39.8073576
0.483677208,-6.73636589,1723.213789,83.67120624,0.71853778,0.517682794,1.053448783,18.10732148
-2.698002459,3.924384005,4985.526793,105.3377767,0.049220655,0.004558071,4.91169272,21.12370414
-6.188661701,-7.808606159,2678.263216,93.13034362,0.926557266,0.855664776,4.038232378,10.08667815
-9.617542051,1.316901908,2549.364748,153.119199,0.467038863,0.987397673,6.482476475,29.85632775
0.362996276,-1.595329271,1256.656346,98.88208806,0.239127498,0.667444207,7.983625977,19.76417624
6.855537254,4.569479311,3394.360873,135.6069962,0.448225791,0.933227946,1.68530646,33.10553008
-2.535680885,8.013504776,1497.213291,164.6256631,0.833780467,0.757814603,2.422537602,25.2053849
-5.54272364,5.397430293,2046.965861,135.6559821,0.25050582,0.684161923,6.985734617,6.497433321
-8.389359931,6.993797528,2196.556994,72.83431883,0.914092793,0.351263496,7.645621969,16.72340892
-8.293781538,-9.341091029,1392.463967,95.68860787,0.064739809,0.079659665,6.293815994,33.30086597
-5.572071074,-3.796090035,4320.055355,93.24690967,0.089357084,0.032170891,9.845230141,29.08398585
-7.999718782,0.308661734,1442.116042,191.8538278,0.599324058,0.450561534,5.495153402,27.13861816
-4.699206033,-1.680933707,2932.020125,87.14853564,0.509796955,0.459535742,2.226631016,28.53766248
-8.677010758,-5.37490094,2156.250319,182.7167521,0.67150508,0.386185243,7.176619543,26.17629065
-8.687902656,-3.842518041,1946.178263,181.9281899,0.043445928,0.029923014,6.4186797,27.43935143
7.125523592,8.908619408,1893.183412,149.3094083,0.260242369,0.199345237,6.313793275,26.71473866
-6.757594786,-4.116382403,3679.457504,40.40984614,0.703144681,0.1365145,5.912682717,23.66997788
1.193648116,-2.921917796,4175.19002,85.02978712,0.344401568,0.012738602,9.451861386,31.52114939
5.469110889,-9.925804525,2635.653433,129.0075297,0.304654673,0.619133564,2.162407571,17.93223972
-0.871808693,6.901552546,2274.113214,51.35696641,0.819776963,0.098945965,1.658775687,21.63334185
-6.932622443,-6.903185932,3924.142445,32.08164789,0.796063062,0.148389536,2.387054524,19.05073449
-6.008077158,-5.91711449,2076.656925,96.44871328,0.744990939,0.099113163,3.204911889,12.32236719
-1.340315874,-4.894709658,4481.842956,119.9663021,0.627625416,0.764665409,6.336516875,16.26611369
0.564681784,7.692441137,2175.510144,129.4688969,0.954405144,0.883378403,6.511827242,6.925527716
-3.011194159,-5.870971775,1205.010254,122.3068369,0.021056996,0.11879403,3.093416897,16.39346719
5.629592005,5.950527217,2881.370503,58.28307514,0.1526431,0.615664933,5.403029494,18.67040825
5.020432977,6.160986806,2199.621429,69.63972515,0.459888279,0.619688645,5.338556675,8.268443418
8.544236147,8.540411376,2863.815051,76.58403034,0.280689843,0.281326491,5.077996897,12.71592954
-9.420949019,-7.688773728,2168.10579,40.90704817,0.293359343,0.588513225,8.231907654,13.73396116
7.913825824,-5.654420553,4948.058518,41.38642439,0.980296266,0.433281749,5.245237629,12.96145729
-2.148624231,4.857965842,4898.144249,91.71383846,0.044220485,0.107645249,7.825289464,17.25775955
7.567449908,-6.079984914,3470.140823,25.67894194,0.025897873,0.958247066,2.498330186,10.07066368
3.815695523,-4.273409063,4626.240469,21.99380765,0.935144855,0.678635443,5.787706097,30.60254749
9.746975141,-6.665168398,2251.743863,101.0980053,0.160090041,0.95395951,8.416942985,16.99291994
5.185649034,-6.546066277,4151.571573,9.527447036,0.042977282,0.151023307,2.599449255,9.282783191
-2.70910748,-0.368932907,4060.210127,80.49467385,0.458545279,0.794153678,5.184299518,25.77599235
0.021263457,-7.806338758,2421.258054,149.7365881,0.88189057,0.420625818,6.481713844,11.28768613
-2.472216896,-3.566047631,3885.886922,194.8513997,0.306064737,0.929686147,2.662971174,7.031971224
-2.70176328,-1.468121808,1374.469709,99.97535012,0.932251451,0.686990957,7.810890453,10.71522497
-4.781910012,-9.50903767,1930.324744,51.42795734,0.865276153,0.147165443,1.71096623,19.69981842
-0.080594093,-2.233336671,1839.607052,125.5908683,0.280417883,0.032474578,9.51773958,29.27281402
3.634798901,-8.117551278,3503.085352,28.98825883,0.435439192,0.125622242,5.213993448,27.45253097
-4.453194574,-0.128429377,1807.048691,186.0995946,0.923738067,0.712689777,4.025107777,5.182209278
0.487596222,6.514763771,2134.228801,151.0087458,0.123286779,0.010541814,2.051263064,32.76517284
-7.652394117,6.368443244,2089.437561,30.13170984,0.061893336,0.4782645,4.893369788,16.74907225
-6.803094263,-8.391029689,4773.39796,19.53451467,0.188719602,0.553053323,6.938236265,28.79004918
-9.063872906,2.024555153,4791.998936,185.2566648,0.225621273,0.812267582,1.850385512,6.14356101
9.414628855,6.691727639,4326.586384,191.2107111,0.179389013,0.44659485,3.756421857,18.78258852
-9.92279297,-5.240549141,2806.087849,50.26856769,0.031712067,0.005486695,8.524158245,5.686367546
-6.428400639,5.238530229,2960.263869,34.37317915,0.717658927,0.21878218,6.81562923,33.57209373
2.257335062,7.815286929,2498.309184,137.9227994,0.161951946,0.047554293,2.857357107,11.54385132
-8.372608023,6.122483029,2843.31815,198.7404105,0.455388959,0.980952405,2.448188162,28.60917676
7.637930062,-7.85397937,1566.015398,51.55323302,0.120388358,0.638422335,9.140365236,14.6973157
4.392403157,-9.81880001,2083.93785,72.17203824,0.365518111,0.001920028,3.583181992,9.737289002
9.327799429,-6.165517802,1740.405226,71.97409505,0.397467625,0.038529195,2.61550152,37.56033687
0.152710945,-4.590453181,4523.624622,93.08487039,0.912985976,0.225522033,9.999676167,25.82586155
-3.991926337,2.323659812,3759.892656,52.47998383,0.705316756,0.778855522,3.78272645,36.17208666
0.990011456,-2.314536495,1533.339031,111.7813064,0.906142174,0.399019185,2.12266169,15.73097906
8.616374346,4.068140613,2721.638055,166.3277432,0.489096332,0.505362511,5.155818668,34.04423668
0.415228745,-2.93850079,2302.570472,80.07219419,0.169341649,0.872508775,4.909105992,37.95888167
-4.655859363,-6.911491507,1059.771576,56.03500539,0.409633244,0.891242927,9.341222282,18.83143394
7.547975783,-3.74620313,3957.710055,186.8977962,0.593678488,0.427838213,2.207844527,36.64458679
-2.56162503,7.686484528,2760.839265,109.9492106,0.541245165,0.760159478,1.820227655,16.72800099
-9.972333,9.170646885,2446.638936,46.5406431,0.896305492,0.234175809,1.836808038,16.36099997
-5.04629955,-5.849745319,1728.604407,69.42870081,0.592377796,0.1751864,9.138587192,39.85064353
-3.635329816,5.76936774,2953.157067,100.188527,0.256630821,0.976294287,5.044322602,38.33436569
7.175549365,-4.533025269,2086.556056,17.78668758,0.95258633,0.638201011,2.355458753,13.00164211
-0.829936659,7.742630869,3031.105379,6.766476082,0.173926168,0.657287463,6.344470885,34.30207095
-1.108254244,-6.689087744,2001.5734,142.1408919,0.476438265,0.877837881,5.838610201,16.98602572
-3.277954672,3.319198374,2170.581058,148.40072,0.887650512,0.027034402,2.78566073,39.27351809
7.613562461,-8.315774706,2700.652154,94.07424346,0.709921841,0.285888388,6.427343255,34.74361701
8.900535539,9.477866479,3443.645846,172.8632436,0.535382427,0.719170017,4.062081109,36.67217555
9.837806583,4.012666893,4370.251688,117.6812287,0.687828053,0.454623191,3.14533691,25.0785729
-2.465174661,6.836314788,2114.618578,151.4725105,0.4377935,0.94286896,5.593605498,15.29529733
9.322948913,1.333386787,2309.497004,187.1965013,0.396805882,0.450574496,3.624843354,11.91337522
5.837591393,-0.463972721,3578.699679,158.0727225,0.62783804,0.127032218,2.999259296,23.47551722
3.513782953,2.437647828,4979.381465,62.10973975,0.737008232,0.907300266,8.917501675,28.50305038
-5.102210412,0.574830234,1923.064073,23.79427321,0.937460225,0.005116773,2.401863189,30.96260223
-5.670854781,-0.612312897,1883.094331,7.954127603,0.836545547,0.758763495,3.525309796,10.96341244
-6.67904351,5.189005029,4281.221682,78.10958115,0.960692506,0.008337658,4.475245419,23.75607974
8.455132205,-6.435980901,4192.27847,1.490606666,0.115886123,0.463215047,3.462744793,20.2638437
-4.118466752,-6.576559037,2316.047243,147.580999,0.989473466,0.2055467,2.896395783,12.28784738
-0.938115091,-1.363146987,1059.000284,90.35352337,0.200301787,0.951662854,7.940314873,24.35368111
-0.12084332,-3.585041679,2718.072193,146.4459963,0.080903923,0.396740496,3.961145429,14.65698026
5.563431909,-8.517509642,3173.934631,99.54883083,0.656810503,0.030952824,2.012616619,23.7269095
6.884699231,6.889409848,4040.617723,2.978845716,0.673487288,0.776794373,5.868056462,12.00382707
-7.218545977,5.432056134,3643.788229,174.42522,0.973822258,0.316583949,2.129396475,36.49798879
-1.461912796,0.878429996,3688.506013,184.1064647,0.771023686,0.63945834,4.217676467,16.83359887
6.857097757,9.586490745,4213.52252,120.2119352,0.392658331,0.405228053,8.93644086,26.36171109
6.360666115,-8.547998669,4099.487525,139.8332588,0.600105413,0.438514092,4.322450756,9.26765456
-7.951724831,5.333386021,2893.01566,12.13412471,0.609454347,0.263796443,6.692580769,27.05060174
-6.872333023,-4.672592168,1419.250307,139.143333,0.765418735,0.788332608,5.631629824,14.52141188
-3.916026168,-2.628021601,4257.342282,16.8000826,0.581098038,0.46372049,2.239523612,38.47860566
-8.492818618,-5.614412296,3407.096,64.15757331,0.38644068,0.039617496,6.84162638,18.79539931
-1.506739943,5.780757829,1132.053908,59.70615335,0.681458101,0.94476717,8.704314972,26.25922948
-7.847645897,-7.11519796,4153.964239,168.286052,0.240101506,0.496920784,1.838912266,12.5534678
1.364351873,6.800333955,2573.357707,92.57933937,0.349551242,0.485971947,7.783120802,35.1516671
-5.068861204,3.231552965,2256.451585,12.54476171,0.071631123,0.346450655,7.211901534,33.15165213
1.928661307,-8.819535095,3060.193414,48.43997344,0.816230168,0.635147835,8.799945175,13.59723593
-7.649487142,6.219634632,3686.241327,88.8721464,0.070999092,0.401542606,1.936827389,36.88669778
9.517677368,2.555114323,4699.385511,189.4984534,0.298796814,0.749479349,3.751258415,6.405425771
8.651224077,8.099646392,1104.071092,48.26442808,0.925632912,0.876582574,7.248623385,31.34005922
-2.164061229,4.974446128,2218.686093,155.0797337,0.559409685,0.489731465,1.19816181,21.02540749
-5.156428117,1.222418549,1161.779604,34.98851319,0.21787992,0.652552325,7.6066811,34.24107881
-4.992035743,6.730943612,4372.525361,128.4671921,0.992887165,0.295536993,8.721807211,21.29200886
-0.332129296,-4.438995234,3814.151237,45.11683175,0.880729482,0.625402798,5.079736471,7.295373348
-9.200143962,0.939001237,2082.280873,154.3973873,0.068180273,0.635239394,4.908969131,12.92909363
2.794102122,-4.127663604,4077.536643,108.5040728,0.230285062,0.511974925,3.506220659,39.80311922
-1.833941833,9.364087822,3533.519258,178.5186908,0.642260593,0.159846058,1.04546683,16.6962161
-2.451868548,-5.476073983,3640.522139,21.35627974,0.198803157,0.725309867,2.67673165,10.6106826
6.18729943,-9.685235207,4001.718853,37.85673107,0.537177933,0.31966411,9.818777066,33.2040789
4.180709204,-3.48290316,1643.909148,153.2495751,0.165860761,0.38821479,8.805574694,6.577443959
9.086676308,0.050187939,3401.839256,67.19345399,0.672705509,0.851543852,3.398541749,7.324306301
-2.96127519,-9.432741315,3070.571725,13.8952184,0.531236117,0.681125054,9.673739714,15.41315728
7.950855293,1.184966001,2361.914081,140.6176833,0.969432244,0.082670897,4.309413544,6.659034112
5.399343725,7.485655499,3922.495278,27.1440554,0.133813278,0.565379088,3.678268373,39.84994394
-2.851506968,4.094643888,2736.960439,23.83877159,0.530721249,0.086920114,2.375268719,29.18951101
2.433308729,2.45936646,2880.272329,100.5698038,0.31172389,0.64545649,9.114499626,23.18552543
-4.228600847,9.119235014,1836.937842,82.39807508,0.612688763,0.394652312,9.88293242,33.18082365
7.487998341,9.165586677,3955.816073,34.79934659,0.20325554,0.812998957,3.946702636,28.18703802
-7.751453656,6.485329394,1042.401772,134.1133617,0.92539246,0.780178818,7.33087381,11.06427338
-5.751312774,2.154836948,2988.930587,83.09761276,0.437921817,0.999708379,4.017730688,12.68718299
-6.339334158,-0.24470881,3150.579449,137.0320463,0.431771381,0.299170273,1.944916654,35.3693
-1.939479952,-9.733677735,2070.338111,76.56379869,0.786325043,0.175078796,4.534230762,16.79364644
4.904659201,2.125238125,1674.093439,165.1725352,0.90751827,0.185318238,5.964129647,20.66741199
0.538148981,9.781761507,2391.844987,114.8146432,0.493973762,0.598918987,2.107150833,18.68974992
-0.246473529,6.362021,1423.472138,162.3660068,0.771289228,0.334544151,8.364454973,6.82104342
-9.989080702,-3.187907122,3884.73191,125.2045206,0.143940963,0.90685483,5.476268052,29.6600801
-1.491965493,-6.959059499,3324.532551,72.33800358,0.252409111,0.079356251,3.109446573,23.90259283
-8.728924503,5.681172289,1167.07587,77.54989921,0.692990314,0.764816812,6.334836207,28.66490286
-5.834934958,4.878756413,4815.319209,161.4892068,0.926747109,0.489710645,8.139333754,14.73809864
8.647878779,9.34093584,4087.048676,5.845354565,0.117208744,0.637433436,3.948619141,19.24198679
-5.692035913,7.496847239,4897.559139,34.62876599,0.134387194,0.587824245,7.31328692,11.74274168
7.166752773,1.113252505,3571.08079,125.9074208,0.975227237,0.530258604,4.85073262,19.6888921
6.057867431,-7.974315061,4768.454883,148.6843595,0.091236359,0.698347355,9.67646052,27.87219941
-6.817075261,-0.329986832,4212.61567,170.4710442,0.042895897,0.545706339,7.938460779,38.06411651
2.114239145,-3.72609892,2234.657658,154.2022075,0.531754335,0.922471698,4.207158123,28.221002
-7.686762562,0.24816964,4016.591579,196.296659,0.224411321,0.551677586,1.159731632,23.38059055
4.557763167,-3.965968507,1486.426068,183.9713214,0.297626568,0.919665732,6.917679058,19.57285279
2.749245547,7.23645984,3025.397425,84.18832302,0.617893693,0.806335078,2.780849427,8.694238949
6.238771234,6.88654028,4635.088468,157.7017746,0.351246437,0.847547857,2.096912581,21.69760039
-0.412309012,-3.690696857,3098.481532,59.20399313,0.995654215,0.897287474,9.385988063,10.42878326
8.297261757,1.991626927,4786.847718,185.7484884,0.228221032,0.202556423,9.999540732,25.37655141
-9.013021064,-1.396382847,2527.08409,199.432671,0.865275405,0.342554618,3.428999385,30.55864772
-4.142228699,8.181855141,3096.614302,146.9157688,0.875222769,0.899373953,3.715916969,38.12734641
4.301051949,-6.252781971,3277.981858,66.90953522,0.437586399,0.149214792,2.484900453,15.38985037
-1.637815765,3.954568036,4841.990734,192.5991373,0.99733631,0.490144892,5.119162983,18.89169386
-6.540972915,9.407506557,3830.726052,8.189948163,0.2828003,0.104748548,8.792593839,11.40331788
-7.855785091,-6.494489609,3379.260491,82.00031389,0.091063737,0.152546807,7.313553569,35.72791785
6.346782229,-5.960671432,1262.836338,102.0069754,0.567194975,0.588889286,8.616984023,33.84270286
-0.537140431,3.874466773,1892.227332,102.9253702,0.007471775,0.396101516,3.056334901,32.12359631
7.645673438,5.58307849,1493.455555,44.97517622,0.474163755,0.423692126,7.574104607,7.005151349
4.665782686,-0.189018904,3044.633333,80.4474585,0.836803791,0.508131452,9.266739656,24.48518047
-1.805475887,2.193729303,4963.269911,142.2295985,0.419707076,0.660727912,3.532745028,13.22547467
-2.529779717,-5.746351824,4350.217617,155.5165141,0.203992369,0.499329474,7.215881892,9.188981885
0.312766933,-0.467715429,2955.340442,143.6640263,0.255655551,0.341772389,4.605916705,32.35645851
7.781199064,-7.758562383,3057.573507,3.350980827,0.913808227,0.192808475,3.612039806,12.40534813
4.745571594,-3.571561494,1165.236052,135.1098004,0.662212704,0.464473137,9.726611219,22.52840944
-9.896940715,-4.304405899,4341.156648,48.2355818,0.161311866,0.375553028,4.13769907,23.41337219
3.883157027,-1.107492798,2527.324042,129.142466,0.463193461,0.815445242,1.970647131,12.46487014
8.390148138,8.602527245,1110.606845,76.01584063,0.614593793,0.015297185,4.497302887,22.22914082
4.20911519,-6.374646757,4697.184442,114.7001386,0.505140411,0.570397787,5.029104619,6.848696416
-6.459884369,-1.972235068,2759.507068,44.94764533,0.785088871,0.618459265,7.769897429,5.002535737
-0.329637451,2.311944382,3698.286445,135.4765301,0.006292453,0.987896544,9.549228403,35.81126761
-7.193679642,8.931141721,3160.189311,180.5252699,0.28106435,0.885364217,8.353512854,19.54560457
-2.820094433,-7.337036169,4158.616331,66.91806767,0.574590712,0.517567273,9.378471801,36.75969296
8.742340839,8.35753234,4849.516987,12.73230064,0.538899754,0.288515453,5.27554117,22.37075759
8.466106151,-8.378924227,3483.862306,187.8826178,0.104080197,0.010184999,7.473849114,20.08879031
-4.343262956,-0.385172057,1467.676491,109.8090233,0.17521611,0.240780778,3.781446265,15.35692492
-3.207379117,-0.908202655,3352.888161,166.3557718,0.752958723,0.847435389,1.626283977,7.859112816
2.004257363,-5.807945422,1126.830984,189.2402636,0.534785485,0.973256242,4.289261728,15.83931272
9.263945905,-3.050806638,2379.3646,174.9740004,0.639967371,0.701054242,7.281237055,26.29645928
-7.043973319,-0.916694633,1295.951977,104.0755166,0.816752221,0.603854208,3.471598992,31.69752215
-4.861667126,7.304229258,2142.841611,195.4621346,0.583826682,0.606234132,8.752653061,23.92889312
7.471136546,9.101282907,4594.915367,87.54995471,0.313949417,0.649907629,8.11695565,31.53895453
-0.162155366,0.378513573,1847.387874,49.94572084,0.523250294,0.001789119,2.746382943,10.52130571
7.979221845,7.401995806,4130.039979,173.6457588,0.130391695,0.369958404,3.977530862,25.41339761
-6.28964205,2.163431714,2585.565703,176.404229,0.272077232,0.329278822,8.427723558,35.89111295
0.653371749,-3.01825316,2476.826607,11.87670176,0.655130402,0.977933189,3.195440106,12.62860727
-3.474607347,-6.116115848,4377.575616,147.3567504,0.041111001,0.000726699,3.984419311,12.96841284
-3.669148802,-1.737304564,2650.65825,67.02659926,0.000850934,0.736344717,4.087602392,31.19513796
-1.062460721,0.456485658,4929.627675,172.0195141,0.887072424,0.405286912,8.20937825,33.42198747
-1.338451018,-9.111132235,1795.395656,48.58638532,0.964328815,0.064760375,1.33327239,13.68162154
-2.853062406,-7.083176683,4517.960583,116.060509,0.905612663,0.360952861,1.664082848,16.60494315
8.299415406,2.00368848,2084.348614,26.04947657,0.215461564,0.12784881,6.206063933,27.11192902
4.634883709,-5.499968106,3221.258832,176.6660169,0.754657804,0.037359964,4.574007919,18.94510996
4.550939827,6.746527522,1479.309953,27.20247697,0.456468001,0.683453062,6.695967876,26.84038395
-4.201731008,-3.461155005,1187.491277,129.5826082,0.070943868,0.024684574,3.398151486,22.37505112
1.554188486,-7.903315855,2491.069461,45.11466813,0.794986145,0.011964104,9.186244097,32.07779582
5.583588666,-8.329388229,1717.134087,151.3278587,0.808174757,0.425984025,7.848476985,34.60610264
5.911807371,8.742460411,2952.813032,36.83881926,0.721977507,0.13056535,1.609715985,35.23395233
-3.109390785,-7.639593775,1971.96814,151.6570062,0.99655075,0.446127615,8.055149296,26.40337772
5.417455131,-7.181804717,1155.49485,101.1980461,0.992117135,0.366034318,9.726241351,26.44044366
4.717877936,7.253321159,3873.173099,141.7372228,0.179420402,0.102277353,9.481920585,20.73764146
-7.169870288,-4.914237394,2335.201162,104.1215644,0.795412464,0.639707176,7.619354182,5.966491574
7.318909371,3.319028215,1689.207963,111.3084544,0.659824098,0.649722186,2.112343781,15.47130768
-1.173570596,6.334513741,4791.894101,120.8864432,0.726467937,0.644677903,6.184690893,7.229420148
-0.271791022,2.143612803,2954.236662,45.66876893,0.990900502,0.86463001,3.55809456,20.32248371
-1.032616422,9.149770869,3251.833985,115.1496184,0.83661925,0.006773741,9.731916493,34.73198371
1.35692003,4.177657985,4848.894193,52.76788394,0.391517293,0.027735021,7.457371528,25.88807062
2.423384947,-7.744969802,1472.617602,59.89197778,0.93746562,0.523165286,6.496890308,28.64364094
-0.036408685,1.168200531,1729.077405,99.80467628,0.875165476,0.466015528,7.255792383,11.58027901
7.335770865,4.363730522,3840.819131,45.65111934,0.706233577,0.990567475,4.941812162,14.16836024
2.554695124,6.039144807,3243.152925,123.796059,0.936959333,0.35753607,4.354630763,10.70962535
-1.971441014,-9.473573294,2661.087473,59.91359217,0.462266766,0.389104194,9.422196215,34.49410668
-1.666164862,4.377578305,1448.620133,37.20828281,0.713256232,0.835706369,3.987344213,14.81095545
6.216772303,6.51361642,3335.840338,179.7439865,0.004087295,0.623092178,1.372925186,24.68142084
-3.036161145,4.936676219,2765.781504,87.16449064,0.568581082,0.071075121,4.607561387,9.939501456
-5.770904084,0.246982913,3684.264932,188.5855133,0.723689066,0.057659295,8.113063174,9.339611791
-8.81233624,-0.839580738,2201.686827,82.94401448,0.383011882,0.528551803,6.836215222,17.16541771
7.520536958,0.988371666,2610.040228,2.117605089,0.867918274,0.396772352,9.659536979,16.56236053
8.370929024,4.092873977,2232.065679,39.84359756,0.485067807,0.735431331,1.955816809,16.50986318
-7.597596357,8.458285813,1803.727967,167.0700701,0.282551356,0.628062185,9.20391672,26.03264755
-3.31052517,2.340704213,3032.055733,72.0372566,0.549445026,0.000306537,4.319642745,16.05965546
-6.49255861,7.756686126,4316.55503,169.2753845,0.905515768,0.016877657,5.266023269,31.90575541
-7.682030623,4.025136949,1137.729196,77.64179187,0.682448866,0.839714487,4.85633939,8.173476889
7.99733486,-8.633272451,2941.51621,59.34474771,0.95007935,0.16458518,2.04807053,16.36750502
-8.862454817,0.0165638,4008.405773,160.1453509,0.447619276,0.569595518,3.230168102,28.4217595
9.609713269,-4.270273034,3536.217235,14.45773739,0.658479492,0.94049681,7.680444123,26.10262387
-8.070982786,-4.296501437,4972.10248,175.1903257,0.628393621,0.966606644,1.207067877,9.183046643
7.269412984,-2.881448976,1228.955034,83.97329432,0.239123175,0.844252736,2.204989969,20.38157226
1.33012214,-3.70534456,1646.968998,65.74202468,0.744575501,0.888923251,1.226891519,15.8227512
-2.641650244,1.572199602,2278.719026,43.98412706,0.067991684,0.90505875,8.716492516,27.11546513
-3.153152467,3.672030007,1024.90882,118.8814742,0.575124179,0.07655581,6.55592345,9.545459785
5.147282865,-4.625012258,3077.864854,189.5891976,0.178014958,0.857242821,2.529357959,28.4698073
-3.7085341,-7.404747549,3562.538725,70.48379177,0.188343559,0.415732127,7.918950007,21.23413859
3.146378332,-8.823825581,2674.945548,46.13373124,0.979831544,0.042665654,9.701205377,14.62114958
0.34652167,1.515056901,2669.361157,49.53039879,0.384520669,0.5331711,9.411043371,31.16053978
-0.300687097,-6.277396673,4509.115254,18.20635766,0.519611436,0.116704046,9.29392793,11.57684494
8.023243413,-9.815040116,3447.607661,47.3429739,0.665113786,0.079114471,1.070291939,10.32832785
1.092901172,8.555061586,2054.009255,128.8399937,0.49829092,0.467578819,6.301121401,5.53745778
6.537232061,0.742808382,2278.583654,142.689816,0.725876439,0.314768986,3.30969355,35.14551247
4.511470682,-8.151036395,1803.298527,83.32075894,0.026030225,0.881317681,6.081824929,22.23279392
-9.228855079,6.858422243,2058.57202,188.7286562,0.676701547,0.315590843,3.862272602,23.08504633
5.46220105,9.664054766,3680.648843,33.39269958,0.324393498,0.822576301,2.382998885,9.016691585
-5.662594998,-1.02798676,3551.055696,143.1418719,0.879364097,0.004891215,5.00044351,8.772164762
8.062992937,-9.150207835,2046.586719,81.02906141,0.14340792,0.949208535,5.455866945,16.68241917
-9.141516188,-7.649081185,3158.927462,47.87521095,0.030643464,0.054329025,9.907889562,23.06807254
-3.338559311,-2.366925067,4442.526095,38.92972285,0.060951094,0.262883355,1.381490957,29.53052767
-8.005341055,7.710452749,2073.517724,33.52261735,0.522185164,0.024886569,3.71039679,22.47446248
-0.488217658,-7.039226414,1099.584804,195.5710646,0.215248671,0.959354938,8.667044606,34.10454509
6.400448717,6.47980188,2104.345089,77.88492976,0.753177694,0.051685118,6.937259483,18.20873161
-4.036252807,-9.700474796,4762.892214,121.6276378,0.055526,0.349003042,8.440147287,5.983079718
-6.981302054,-0.852226024,1082.049803,86.47391515,0.234828898,0.663840298,6.942618267,19.91532963
-3.394659286,2.887942819,1486.210634,162.1927772,0.830241621,0.322015797,7.835826782,7.975092026
6.277602838,-8.792410359,1694.896996,151.7173913,0.045641159,0.007486741,5.43629575,16.27190496
-7.192320844,2.295255012,3825.234353,9.347742322,0.787612817,0.240572533,2.843899236,39.48041391
-5.452751018,8.888082429,4914.745954,128.274134,0.111765059,0.714692647,8.290034748,35.007399
-8.62296071,-6.794801597,3353.236563,193.7642597,0.84275901,0.378278428,6.110385892,13.27594996
4.11420088,4.592227661,1353.991797,170.0849816,0.784042178,0.820285338,2.255546744,18.1586851
-2.095335129,2.181877959,2831.986623,59.13485948,0.218755812,0.738979971,8.244046242,20.09077958
-3.783200457,-6.297672222,4132.281878,122.1870568,0.401972456,0.585986574,9.627273193,31.73539322
4.372527807,-9.875931706,1716.355068,90.07295242,0.45800456,0.094475325,4.115474854,6.170999474
-3.280449153,-9.81431099,2183.361465,116.9150405,0.393776519,0.981999409,3.641610269,6.351796951
4.555425464,0.641848183,3670.298002,112.3536553,0.211031622,0.520672857,1.735976604,9.099125364
6.303987906,8.855588191,2271.338734,146.6456215,0.22615787,0.260179285,6.980421038,26.99137439
-5.646743131,2.885972549,3915.431623,64.16381475,0.690695866,0.602134639,9.630654566,19.5091316
9.476373937,4.285996926,4180.589676,86.46435133,0.151557125,0.70677982,2.22393421,34.71239701
-6.752841042,-0.122690262,4323.127897,115.8205134,0.281986591,0.467504498,5.366436682,14.94202616
-4.183181867,1.637778853,3205.069029,1.617728448,0.063025825,0.641830983,1.884143662,22.12382104
-6.404094183,-7.472649493,2515.179686,54.33203247,0.218108336,0.108040118,1.306989133,29.73750025
-3.089886873,7.536412408,3473.852312,97.22951838,0.03780855,0.874065551,6.980509456,24.0820419
-0.398782244,5.215852573,1745.08381,36.10152886,0.698338734,0.680725131,8.809184578,16.08799922
0.44351738,9.963979057,1818.260753,143.8145933,0.404429085,0.77298696,4.038134825,10.3389969
7.072120846,-4.045541049,4274.817505,21.04496008,0.377668287,0.11373506,8.88188657,23.92111965
7.788958176,-5.459644564,4269.11117,144.5703293,0.485638236,0.519302683,2.053477892,9.975477579
-5.597922784,-7.496766841,2627.4505,164.44304,0.261294615,0.692594781,3.141646137,37.87565609
2.457880644,9.284195132,2869.624559,137.1185546,0.360333592,0.52228285,9.114460542,23.89617137
-7.770078854,5.617703693,2719.012453,183.4527729,0.590965672,0.099208995,5.576589043,11.12203567
-0.820602796,-6.673507726,2809.535154,142.3355286,0.224523866,0.060659191,6.473731454,30.22248914
-3.553329239,1.053729422,1911.165104,44.23764095,0.461967947,0.616016236,1.342164093,8.624151801
-3.669985091,-1.724635839,1873.153968,164.4018612,0.574922651,0.796891263,2.155509191,32.00756765
-0.348315166,-6.970279844,4331.116619,48.65600346,0.138093997,0.996629041,1.502117313,21.00511889
4.596552711,-6.758540299,3668.328305,166.3076786,0.306969937,0.568217478,9.14500666,9.643168443
-8.616346824,9.269399895,4903.115032,117.7704003,0.552212277,0.229497347,2.213154675,6.302386271
7.583466754,-3.900716341,1640.899471,102.5306495,0.401259815,0.405076564,8.647055439,39.76822978
4.696275493,8.828785834,4693.781727,115.7966663,0.715994604,0.10663965,4.159312294,14.60289015
-6.470012222,-8.487786539,4062.309838,78.71914379,0.231321788,0.413870669,8.205377467,38.32870177
8.783218182,-0.783939154,3110.298982,54.09407524,0.470723711,0.84016728,4.285391927,22.56427179
0.12624448,-7.40761903,3613.007068,92.07873591,0.82104607,0.390199712,3.409156357,22.60553844
9.996171562,-9.904252295,4350.50691,27.61133948,0.142769317,0.051733576,1.842946311,8.187440143
-6.054810514,1.075321474,3110.510532,123.9276361,0.894927914,0.165911421,3.526359315,38.27470366
0.698163968,-7.722117904,3589.529565,109.3718275,0.447245885,0.669677703,5.24331745,30.65135526
-4.195039149,4.440490619,4907.080316,134.615683,0.479840294,0.691225515,8.35757919,23.15547434
-3.916528852,3.962327514,3881.185096,127.6533281,0.635908406,0.19804175,5.072634593,9.208999868
1.821307617,-6.473341851,1313.897185,184.7920816,0.541833571,0.810141542,9.742920174,11.14867993
8.434381337,8.834842865,3867.217903,103.429379,0.823250133,0.280855632,5.874697098,20.12583118
6.105277112,4.420868169,4895.503714,2.495209702,0.186640096,0.555715234,1.224510668,17.67905873
4.47882797,-4.040594717,2562.917727,176.0663416,0.129904634,0.307705642,4.738305702,24.53483024
1.183475642,4.184675279,1173.712644,24.19517997,0.263484669,0.693117019,7.200091966,7.672039117
8.445970073,4.638605554,3909.302371,145.8388936,0.997813354,0.375675115,3.108624816,6.412110676
-0.152771866,-3.155473375,2236.584015,39.48479891,0.098864416,0.761806923,7.287669558,22.88860803
7.476643567,-2.488228751,4671.702264,24.6599373,0.530451809,0.483426097,5.533275747,5.997548333
6.679632878,-2.817869847,1730.15516,190.9491327,0.773380735,0.640270234,1.23163998,7.08431839
-5.723293064,2.332368871,2506.674621,7.142147985,0.832596153,0.926053138,7.969176545,18.17195104
5.424509259,8.008202931,1094.708076,6.0398982,0.957424693,0.435344781,6.043363334,7.162267441
-9.756576861,-6.536135275,2754.809881,89.66767554,0.9951669,0.550644975,1.742441528,18.49143693
-3.543409249,7.503992197,1760.014895,117.1405241,0.552256158,0.18911779,5.276926301,13.46126806
-5.408651106,-9.44693687,3388.369262,35.32201519,0.240786841,0.693432263,3.585635936,11.5719604
0.13725917,3.20677192,3984.746101,144.9355859,0.519896444,0.212707449,8.917133883,19.1637941
4.737063234,-1.711222536,2119.359532,187.840432,0.736032183,0.689958207,3.564343475,9.196636697
-8.046472651,5.825631045,1534.924814,99.6960798,0.476667703,0.92318343,9.475183639,17.23737785
0.298444039,4.423962259,1478.974275,24.35234323,0.272310197,0.941300889,5.915194744,20.22057703
8.768240434,-0.397843857,2018.94681,168.696191,0.822093025,0.801828185,3.912523386,34.05010314
-5.42706898,2.877280734,4313.685656,188.5818566,0.829114888,0.539144597,8.321905157,37.64821639
3.542822882,0.035462614,2732.277049,166.5644841,0.550647891,0.837218529,7.276603405,15.79184521