latitude,longitude,yield,fertilizer_use
0.976270079,1.857605416,3993.071925,38.59284925
4.303787327,-9.798726087,1720.810829,56.72744224
2.055267521,-0.483476083,2556.092578,69.98490622
0.89766366,4.175407819,1150.400726,40.79134368
-1.526904013,-9.12049136,1047.150957,107.9056565
2.917882261,7.59042966,4985.071487,113.8953777
-1.248255775,0.401628333,2952.786632,155.9161667
7.835460016,-9.386779033,2488.099056,139.102905
9.27325521,-5.511727762,1784.688378,49.16084227
-2.331169623,9.073513929,4228.76898,31.50125776
5.834500762,1.646394661,3823.010878,180.7759424
0.577898395,-7.850548645,1006.224792,165.1269881
1.360891222,-4.249109954,4084.906692,1.487965728
8.511932766,-0.865927483,1445.930981,4.685414271
-8.579278836,-9.580998615,4794.530721,97.76546373
-8.257414006,-1.767689728,2330.944336,167.6679939
-9.595632051,-0.210827291,2804.411101,185.067858
6.652396911,-5.126442494,1019.923623,38.79212219
5.563135019,1.772780006,4297.570754,161.8692084
7.400242965,5.064802392,2232.673017,83.20158061
9.572366845,-5.283315518,3225.787505,130.3943099
5.983171284,2.409998006,4706.403188,63.10844101
-0.770412755,2.792444859,1624.889533,25.19437736
5.610583526,8.970806023,4469.318452,141.5090639
-7.634511483,5.565523346,3000.955723,61.61386167
2.798420427,6.966905396,4697.824696,5.944641208
-7.132934252,-0.191601831,4289.420201,193.3586075
8.893378341,-6.29302826,2771.920123,85.75903056
0.436966435,9.916305859,1354.847083,19.86154309
-1.7067612,-7.412884779,1120.78982,162.4853187
-4.708887758,-0.570853613,4496.923239,169.7208639
5.484673789,-8.638138015,2897.13967,60.27001671
-0.876993356,8.877017147,3654.779632,136.5529833
1.368678977,9.298498817,4526.593657,24.04733764
-9.624203991,4.38778124,2218.635966,77.41617511
2.352709942,-3.000143127,4583.052074,44.30339483
2.241914454,-4.912351978,1110.129758,49.11667625
2.338679937,-4.693933509,2119.702715,192.9571501
8.87496157,-7.454119492,4247.06558,6.935143519
3.636405982,0.516179062,4412.881273,110.1464937
-2.809841989,-7.163654486,4779.341581,127.2806927
-1.259360924,-3.665386669,2212.04509,66.76971341
3.952623919,2.534129519,4120.942342,48.60275537
-8.795490567,4.550872192,4940.521211,159.2793841
3.335334309,-9.514545908,3108.02406,34.20286247
3.412757392,-1.397680312,2010.385159,130.107947
-5.792348779,3.042491897,1155.849262,199.9588382
-7.421474047,7.064919523,4038.612251,167.5603766
-3.691432982,-0.493504356,1555.381538,84.74352085
-2.725784581,9.384117434,2547.770426,136.3402365
1.403935408,-4.687349049,2237.111527,117.6938269
-1.227969731,-9.729825867,2667.402692,130.421923
9.767476761,-0.324942706,4623.99598,62.28707772
-7.959103785,-4.8777241,2703.791045,100.9973706
-5.822464878,6.47435344,4650.97725,15.28973213
-6.773809642,-5.344546556,4221.603439,46.39737379
3.062166509,-3.787415634,2153.513328,79.94786704
-4.934167949,5.82454862,2272.356076,31.34517436
-0.673784543,4.302865041,2479.376898,31.89755643
-5.11148816,1.161024733,3422.588766,35.65494839
-6.820608327,4.098961238,3696.250069,110.3039356
-7.792497177,-1.627262729,4888.919343,90.48394913
3.126591789,-9.893799048,4706.064254,124.4122709
-7.236340973,-9.77289743,3447.486886,196.1975068
-6.068352766,0.224435751,1184.955118,121.3961953
-2.625496587,-8.334180406,3181.230482,45.05312623
6.419864597,-8.978490397,2614.560885,53.08140441
-8.057974484,9.310332783,3179.114902,39.4865584
6.75889815,7.180052793,1160.705493,155.366249
-8.078031842,-6.959455456,4983.04883,99.35995877
9.5291893,-9.986715628,1227.833482,22.71940423
-0.626975967,8.833355908,2090.719737,174.743508
9.535221764,-4.433494034,1288.496116,79.1394642
2.096910395,-6.282047943,3190.444424,121.9220325
4.785271588,3.830162157,2407.273186,194.9234272
-9.216244155,-7.821925223,2501.199371,116.7203572
-4.343860748,-4.70700804,4156.670083,101.6161606
-7.596068776,9.501893604,4616.080462,181.5667571
-4.07719605,2.789255489,1662.787932,179.0944822
-7.625445621,0.41355583,2115.90776,91.16751955
-3.640336412,-2.041627703,2890.914481,136.5128484
-1.71474011,5.490019098,1451.526681,135.5614596
-8.717050073,-7.18085047,2546.152328,59.29081346
3.849442387,9.346756041,2208.352182,32.65700534
1.332029084,7.222460161,4687.905348,113.7587635
-4.692210181,2.353139651,1794.136482,7.215107261
0.464961069,-9.141876192,3884.845592,164.5788598
-8.121189785,4.017112989,1863.572835,152.1254
1.518929911,8.265686818,3502.633515,141.7664979
8.585923952,0.49154135,3327.962913,185.6309672
-3.628620951,-2.915503563,2834.897171,191.5980682
3.348207599,-7.5944531,4267.629209,93.44327198
-7.364042752,5.098022083,1890.868778,134.9634703
4.326544082,7.700437024,2909.120896,194.9150783
-4.211878141,-7.994965118,4929.670406,170.6904872
-6.33617276,5.179691095,1733.047157,130.8274697
1.730258696,-9.658790275,3181.729819,87.89832587
-9.597849076,9.341098362,2172.423133,148.5093253
6.578800584,2.301160413,1495.224238,11.69762467
-9.906090476,1.04878118,4406.371924,4.63626197
3.556330736,-4.081003328,3310.715366,150.7234536
-4.599840536,8.585833431,3315.317054,25.90475422
4.703880442,-4.681887453,3181.338949,162.3771332
9.243770902,6.562932264,1737.872427,78.8933565
-5.02493713,9.702173587,3274.532662,190.3038974
1.523146688,5.66793291,1365.556058,12.79688672
1.840838625,0.379798408,3730.567482,100.577283
1.445038116,-8.678514723,1205.828672,53.9612573
-5.538367347,-0.551724217,1756.604468,20.21724583
9.05498023,-1.234881061,2176.871188,108.2285987
-1.057492428,-5.944079176,2115.724871,1.257122217
6.928173449,-1.528247266,4248.409156,42.04413083
3.989585506,-2.844842318,2151.002578,90.36097614
-4.051260983,-6.726314777,1295.831608,69.23372254
6.275956394,-1.172517133,1271.930774,172.6341654
-2.069885183,-4.744000874,1597.654078,57.18008345
7.622063942,0.441248414,2576.767602,64.42669157
1.625457453,-9.296798806,1787.256935,182.1491826
7.634707237,8.124628396,1940.089438,34.2930442
3.850631802,6.32728611,1735.902622,124.9159982
4.505085596,1.05162665,2194.941589,79.17480433
0.026487639,7.036171655,3019.434914,13.02793673
9.121672694,9.247901476,4885.388287,159.3828006
2.879803985,-7.789554119,4167.961768,199.6217206
-1.522899029,2.616636168,1690.082814,84.49120702
2.127864283,9.959880019,4211.402762,119.6598371
-9.616136034,9.757783387,3840.37212,167.4212518
-3.968503667,2.066459846,4623.19364,157.1477566
3.20347075,-7.439582591,2738.826934,101.010474
-4.198447856,1.66385662,4468.39473,56.83797089
2.36030858,-9.958707289,3792.36101,50.37178596
-1.424625981,-6.021773307,2092.370304,173.8509365
-7.290518716,9.122463191,2559.104594,15.3501083
-4.034353481,-3.391188548,4353.914359,118.0648918
1.399298214,2.767802116,4230.849119,97.82652661
1.817455225,-4.382810107,1982.023891,98.34328359
1.486504977,8.956437742,4345.095562,160.9761758
3.064016397,4.571174599,4783.028288,30.40847795
3.0420654,-3.406976848,4511.077835,197.7044929
-1.371631291,5.835228424,2525.152111,62.9163046
7.930931917,-7.83668951,3164.647182,165.2038815
-2.648762599,-2.153621199,4383.842569,33.33526518
-1.282701495,-5.575637445,3865.60171,151.8800918
7.8384671,3.674528946,3836.419761,135.1296711
6.123879781,-7.951074365,2141.005844,159.0141798
4.077771671,-2.059483354,3443.20756,199.8285346
-7.995462254,-4.467005396,1217.844463,136.6749806
8.389652275,0.126858386,2188.589598,103.15505
4.284825991,-3.00204639,1811.155465,139.7330755
9.976940131,4.128211553,2548.058297,151.6866187
-7.011033907,-9.508459514,3952.918345,92.08460937
7.362521147,2.679738426,2042.164511,45.77391919
-6.750141306,-5.388574206,1715.660365,43.61621517
2.311191286,-4.625819425,4368.142701,4.375177045
-7.523600343,6.005112072,4660.391856,151.6990059
6.960164586,9.11136788,2784.866385,69.91130795
6.146379175,-3.668995799,1977.991087,151.7183058
1.382014772,6.536105407,2009.463607,26.0459292
-1.856334055,-7.920183241,2664.719551,134.4433541
-8.616660091,2.67963306,4209.77175,8.605261901
3.948575463,5.020645991,3245.926723,118.7515063
-0.929146346,-6.880441439,3309.343787,5.156005626
4.441111989,-1.479952247,4912.629263,139.4728967
7.327646519,7.854143285,1310.700787,158.3944237
9.5104301,-7.928430731,2900.053573,82.47869986
7.116066848,-9.638072836,2917.60918,71.2224229
-9.765718316,1.811707581,3215.895903,46.42315883
-2.80043871,-1.289369189,1671.760949,170.7761191
4.599811248,5.973784978,1675.688594,93.48898905
-6.567406455,8.469110764,2661.794244,151.2386545
0.420732124,-4.016927109,3424.869025,123.9711119
-8.913240233,-2.231917657,2211.2101,29.15759296
-6.000069502,-0.274558273,2990.076816,34.02841609
-9.629564111,1.763029209,4947.029097,52.44779633
5.873954067,9.677076594,1121.72407,171.633783
-5.521506239,3.946605017,2863.469143,64.78800171
-3.092966386,-2.209029853,2895.618789,177.788012
8.561625869,-4.724646271,3767.225555,125.9538779
4.088288038,8.892514368,2065.600461,141.6624038
-9.363221409,-7.289031338,4199.73627,56.09607144
-6.70611687,4.40531705,2603.97368,9.638546169
2.42956803,8.507900506,1380.64957,90.77836478
1.544571772,3.293311731,3520.241996,128.1222012
-5.242143573,-1.538911197,1105.572578,67.04599725
8.684279958,-6.020181201,3867.208775,190.544865
2.279319119,-2.650493555,1048.561191,127.759377
0.71265606,4.137436188,3386.680809,198.7327971
1.798199527,2.990684484,4483.567918,160.2583571
4.60244059,8.559523332,3793.633709,102.0561631
-3.76110009,7.337218273,3497.375019,32.86499001
-2.035578756,6.323015045,2727.164501,129.9867916
-5.80312502,8.229017507,2344.782068,30.24506521
-6.276139882,-4.473256945,2481.182084,81.14097897
8.8874478,-2.609529197,2500.10568,98.7169019
4.791015901,-2.402121924,3119.534518,98.93497048
-0.190823828,1.209011774,1573.320324,49.56463413
-5.451707441,3.364364591,4527.527741,4.599404637
-4.912870365,-4.265666339,3503.502177,110.6571654
-8.839416794,-9.610750654,2497.744911,90.34974331
-1.311667489,-2.015552327,4928.848656,12.76311998
-3.76408236,-3.829440809,4490.110147,103.5206875
3.926869776,8.84369438,3427.264758,23.00006578
-2.444963214,7.765300811,2486.995274,198.3649498
-6.407926449,7.206213567,2476.375424,148.0119817
-9.506425432,3.059995219,1266.826905,72.7670297
-8.655007371,-3.114216706,2370.083883,167.9459616
3.58785547,0.976985348,1982.736914,20.4366876
-0.926063109,6.304500814,3434.204489,175.5561489
0.731584222,-8.027792626,3880.653942,131.7747065
7.933425861,6.021497605,2169.699242,16.32187056
9.806778948,-9.176404173,3184.589998,87.48922795
-5.662060312,6.328420624,4148.318573,119.3517601
3.261564062,6.151276083,3567.615241,124.7465771
-4.733552465,-8.979853823,3974.64525,147.4013304
-9.586980011,2.543214229,1872.318751,131.8227259
5.167573077,0.049061486,3540.199572,128.7376994
-3.599656984,-6.603609937,2095.137252,164.0892203
-2.330722117,-7.032421246,1923.002353,4.111796042
1.766342271,5.465182521,2083.749117,191.9426345
6.620969105,1.353854977,2466.102046,86.05225489
2.579636872,9.659982698,2883.761666,56.87930746
7.453013109,9.644955546,1917.04577,97.92350106
-4.529159304,9.853339869,2399.853981,188.0593428
5.960936678,-7.627689633,4585.98686,183.7807972
-6.287281114,8.765122739,1538.50763,163.5438182
9.055833139,-5.10860782,1862.89624,44.65159578
3.749765528,-0.835754805,1242.770772,57.19433336
-5.689846458,5.148131116,3835.524519,165.8036841
8.94741181,-5.927581358,3117.642855,130.4420965
4.617116135,1.326232111,2897.281363,49.18780025
-4.921167148,-6.283665035,1137.660703,173.8242862
-5.733760453,-7.905277866,4845.370662,180.8268859
0.364014279,-7.668827751,4376.309459,126.9830361
-9.486745639,-2.847219303,4281.496432,196.9261381
-5.850598491,-9.906903263,4500.869902,110.3069005
-1.506290625,-1.502921576,4108.100644,171.6287566
-2.516600393,3.283942102,1557.750269,60.64443408
-0.728491513,-1.9662363,4885.969724,190.4134982
-4.447425874,-8.28410799,4734.873892,72.42928711
1.735686929,-8.74622276,3784.308446,19.90992057
7.277112118,-4.437669745,2168.042706,31.02683516
-7.649362881,-6.613746189,1004.444434,126.6904024
0.347582143,9.301899464,2943.447078,151.4369439
-7.358637873,-6.975395501,3379.21389,10.94520447
4.337193624,6.109248748,4975.925293,93.90251512
-2.078805944,1.722158835,1531.660148,156.8414123
1.308426237,1.3857384,1355.28039,105.3968372
-6.334403276,0.241614318,2705.273752,83.77409925
-7.103044813,9.435261522,4003.824889,35.38854993
-0.238874387,-2.723104498,2360.281318,22.72788598
-2.887745243,5.758315019,3649.441011,66.6092952
8.808638905,1.105882149,4557.753546,56.98978137
5.306505076,-2.087326647,4172.647964,73.54560132
4.973272397,9.109318666,1406.383434,15.23655512
8.074394795,1.966319387,2784.301309,45.20384167
-8.331551291,-7.621661157,1151.970618,103.0633366
1.043849398,-1.64921598,1674.553298,198.3226175
1.689521379,5.631634554,4082.844106,83.15260237
9.238727571,3.874940465,1696.372527,82.61841047
-4.157049464,8.326806597,3235.256197,56.82441486
-5.183424402,-4.812452317,3459.913945,111.5441936
-7.994121155,5.163874327,1626.545348,171.9739776
-9.671407408,-0.802495852,4659.28865,133.8771386
8.590586336,1.472194939,1234.00739,199.736737
3.398330932,9.10093362,4676.938366,189.0552833
5.70305824,9.5857264,1455.197549,168.6717371
-4.365397885,7.231819279,4603.479933,8.350500768
1.728203324,-2.818058245,2471.563708,150.9537253
-8.720894678,7.754016715,4159.363159,123.1767172
-0.287448081,2.772183553,2576.950541,149.162929
9.549902795,-1.400064391,3932.625932,195.4908413
7.530104906,-9.28514635,4409.563022,44.09494949
-3.236820963,5.402562484,3101.755514,72.27618595
9.231403091,0.042111614,2608.558268,110.5178452
-5.365967471,5.723769989,2578.530561,67.21734439
8.986376448,4.960455987,1226.367051,172.9249433
8.827554094,5.871347361,1059.262868,108.5074928
5.984051747,-3.986976826,3974.280537,1.050648685
2.608958737,6.015971981,2661.597934,182.2005267
7.485759332,0.976926569,1604.371074,104.43835
-4.13959431,-0.533475991,4486.147988,137.2069444
6.978871106,3.502518276,3551.086902,101.744254
2.357533838,-9.572826341,2898.017793,122.8221248
-9.735262845,-7.953663682,2427.939973,196.1989832
-3.055329641,-4.156452697,2378.985306,88.35926802
-7.037182781,9.659802199,2485.681123,139.593676
9.636587796,-7.205084423,4546.217343,171.8858479
-0.432593859,-3.388073985,2514.41651,20.90165467
-0.05217269,-8.978938706,1077.265724,116.2679942
2.789450328,-3.374622394,1579.734767,91.71448206
-2.628307877,-3.59347427,2384.832944,198.4349429
-7.261994566,8.936143419,1665.408803,187.3946999
6.442354664,6.90308174,4291.925846,37.24075881
-6.203041762,-2.344715615,4994.926443,19.5209839
0.226379651,-9.504618839,2336.652083,90.72766877
-5.513659421,6.62062228,2940.745393,3.830344914
-8.04311031,3.210723543,1190.472669,99.39267213
7.243830348,-6.952710327,1777.856456,147.6885156
9.45838978,9.92142542,1916.242022,176.6533475
9.216693161,-7.995331252,2549.931657,192.6476317
8.131109984,7.342290832,4305.666439,183.3756018
5.480946654,-4.114676717,2596.841088,182.7889673
-3.337096959,-1.292930673,3965.714438,66.97459556
-8.3779722,5.909130536,3114.359546,77.31731619
-1.855176572,3.55016712,3654.596819,162.8428167
-5.355317157,8.757287489,1788.895103,93.42925663
-7.350247305,2.422806509,1155.247234,30.11227868
-8.931456364,-8.04379677,1986.681845,90.85372544
4.511887284,7.687207265,1404.930659,73.98394143
-9.771450827,5.3831105,3810.67275,17.06445291
5.41161497,4.237409018,3276.902085,70.08261013
-7.061067092,-8.925329053,4174.75379,191.8441226
-8.409558348,-2.075545107,2610.385574,185.2948245
-8.207939315,-6.651283611,2041.968662,193.8276041
3.440956147,6.438078168,4444.163422,114.3365545
-5.092655803,4.010572456,3262.122099,21.17901177
-1.589210666,7.661551946,2891.595189,45.39767012
1.147375826,9.331502138,4565.374996,37.27307426
7.211023477,5.494952284,2391.250254,37.73071697
4.540885254,9.884661664,2635.608805,177.6685773
-4.593441895,2.295397723,2029.778314,40.80354111
-7.370344014,-9.257407922,1530.830078,75.79309667
-8.892513592,-9.714969697,3283.584314,18.61338224
-3.96802731,-3.157922496,4685.368528,7.301597685
-4.757637015,6.469434381,3595.209236,189.5701491
-0.877188664,7.322694126,3655.441694,152.4830384
3.665626711,9.216250576,4433.695441,86.97876834
3.912508913,-8.697570629,3800.484197,33.76334387
-4.329623068,-9.10857778,2503.761721,196.0807771
-2.401460882,8.265671927,4213.300434,86.83265302
-6.376980765,-3.899066033,1495.989485,108.9107817
5.770910246,1.159748012,4485.875753,15.08475952
-8.863038471,9.64889766,3036.567451,55.90867134
3.939944834,-1.991029305,3183.285806,52.46678646
5.573907919,3.317427966,4690.70241,27.80479363
5.548151237,-1.982408727,3730.719557,178.8368792
-4.811548713,5.363893289,1312.673939,38.76383251
-2.523737241,0.554294511,2011.624126,6.160518103
1.751992704,-5.24953724,3843.066019,197.1719594
-4.543561952,-4.573877975,1372.484186,187.9147141
-2.582944016,-4.838815749,2045.187044,144.5892933
-6.058914396,0.646406565,2054.748351,168.2881929
-0.802882325,4.06378032,3830.834261,31.24797413
-9.107753975,8.985598001,1206.49316,15.9954997
5.995917691,3.881747502,2379.924567,172.8435021
-8.46087106,5.623856879,2705.491707,71.69694106
0.376702977,-6.621477683,1293.171187,64.55525451
-3.863798009,-2.5187475,2833.606153,137.7390193
1.550858977,-1.724395603,3125.630904,151.4081204
9.188666817,3.7276046,4883.274212,122.7371482
2.911404889,-4.082160472,4494.072723,19.05757461
-9.292751285,-3.934161572,4722.212755,73.05452509
-1.39195121,-2.882216907,2082.919873,2.631546585
0.200337046,6.206041631,1600.668959,19.49188719
0.723549894,1.551801801,3553.969456,145.6740809
3.627850212,-8.494454403,1806.099535,54.52090928
-4.448078045,-8.435078006,3345.928345,31.92407787
-7.422788691,-2.574261114,1782.899339,196.0911199
-2.146486469,5.331821012,1260.576106,164.0709745
9.128114456,3.77366853,2795.696793,136.4293209
-6.257382165,4.159647093,3545.799219,65.1190808
8.079679099,5.344201321,1376.538663,33.55661076
0.876119002,-4.256945742,3198.872179,163.2205722
-0.861771567,0.965125639,2747.339543,185.3078792
7.640828205,0.867052806,2020.96757,172.7388114
-0.827920765,4.792650024,1687.511532,50.52439526
4.483352732,9.137411382,1937.303799,17.83693381
-2.019493566,-4.440201104,4586.446179,100.8395506
8.080887858,5.865633455,1127.481801,154.6243074
3.800500404,3.19941097,1589.938029,196.3286174
3.992441085,1.604757417,3072.67948,183.1743661
-3.445591969,5.497595587,3730.563664,6.399597553
5.135572855,8.880649329,2641.278746,4.414097126
2.721221109,-9.266171643,1961.431333,126.3448021
-5.199594532,-7.05199795,2097.38972,25.56043518
-6.78922355,5.12574463,3597.594454,121.4758799
5.92782949,-8.324172942,3851.60727,1.880722984
9.183332061,0.322474015,4881.14257,148.3402896
-0.837223455,-5.602784467,3814.031238,77.43039625
1.819683306,-4.514085923,2687.661862,151.5761417
7.154452884,4.036809659,1982.158062,138.5442432
-0.855530933,-9.396144535,3138.555066,95.52798635
9.037489537,7.466388558,3906.264765,101.7265432
1.515023241,-1.110420893,1466.368085,18.04101054
6.415342414,0.047865878,1239.23678,129.6720373
8.176874368,0.800959274,1896.63298,128.1510165
6.310476375,2.910885892,2676.989281,163.1664169
-6.811710731,-3.102868268,3668.69767,9.833816246
2.577968781,-7.977850189,1036.574508,37.55471808
-2.031314828,-3.632421267,3154.225076,132.5916863
-8.74574096,-6.63715764,2163.498699,110.3465249
-1.519354962,1.122663589,2340.062017,82.97422447
-4.826318662,-3.639427381,2732.919783,5.39302198
6.980766169,9.16134356,2840.099164,166.8039011
-9.333907469,9.31468556,2607.12219,58.02557887
9.179654437,2.402517611,1349.572333,72.95778632
-2.892623031,2.349945353,1636.57484,91.10618067
-2.865862192,9.707571291,2973.437479,108.9853974
-9.673429946,7.745663025,2546.227131,48.18820579
-6.295353495,5.301398983,4986.806711,99.7422456
-1.974809984,-3.728187765,4078.478015,185.0761521
8.585828346,-2.689219438,3331.405072,40.34086392
-8.007701396,-5.974664685,3191.340233,110.1128431
8.90603067,-0.257037462,1199.983966,194.6220276
7.389770611,9.807370443,3706.926132,95.95336291
-0.916752062,8.24301906,3261.7207,181.024118
-3.465982365,-7.63301132,3063.600627,7.596057092
-5.345117414,-9.496194214,4065.778721,104.7834877
2.28929413,7.972753368,4131.961592,0.574902452
-9.33850817,0.743402559,1866.76261,54.19752985
-9.687878711,-5.996202236,1738.596865,183.3265726
-1.42408555,3.473065392,3638.666147,83.08940592
-8.638518521,2.884463559,2323.209397,92.60769303
-4.961180235,-7.558287863,2819.116613,80.61475676
-5.576781693,-4.80799533,1177.509307,147.893827
-4.936176126,-8.798440714,2691.755765,79.63481893
-7.378895376,-5.802790523,4767.395881,102.1991704
-9.759275542,-7.353886503,3750.674385,12.68544221
-7.690314057,-6.135274151,4277.621991,142.6591289
2.36960519,3.709342918,3510.098857,106.8642712
9.485124256,-9.010005115,3340.433641,194.7136426
9.806900031,-7.962907695,4883.419819,174.2254091
-1.818918093,-7.316527238,2958.855513,69.08911227
-6.740911479,-3.669177581,4161.207852,74.49152522
2.775235147,-4.024993783,1925.643844,132.0556545
-0.193893069,-4.898724294,1407.844538,91.68930871
9.788195546,5.010733069,1725.307968,110.9222757
-8.693915857,9.960455755,2369.216467,194.1932239
5.664688766,0.679558473,2842.731422,18.13153473
-4.232030053,8.884054358,4557.54815,118.9571262
-5.171627598,-2.067797757,3370.502125,135.5179851
3.250091431,-7.866351064,3570.440371,43.87414812
-5.0787363,-1.824523411,2539.796187,117.2189468
3.317182351,-4.077444532,3678.479754,154.989932
0.346170344,-0.131860754,2616.463783,57.10157841
-1.518220231,3.140873538,3432.27646,195.4021883
1.093756173,-0.778995617,3143.240019,26.0531237
-4.258969602,8.703210242,2231.626168,94.78542193
4.131494125,7.695296446,1334.409918,145.7742195
-1.702862613,4.039551903,1490.415684,88.03815967
-2.78908879,-0.206301753,3299.622583,102.8981596
6.573138291,-7.366254364,1292.445712,94.96314402
8.499338239,-2.059726664,2812.222274,10.72261472
-9.079853782,4.088030788,4596.24375,64.29647549
-5.347460143,-4.302289589,3330.556296,16.58268688
-3.02961261,-7.920238449,4906.651837,152.0630252
6.299329587,8.15796915,2151.523291,95.51793018
9.709828553,4.181016196,3599.653734,81.43232428
9.379434093,2.305528533,4739.019582,152.1857872
8.098966911,5.849978112,2397.617011,131.4238465
-4.068874699,6.712920752,3134.32219,82.65470857
9.840224868,-0.330820037,4388.713885,26.77958932
-5.011599179,7.623765028,2325.33874,96.51942023
-7.881876902,8.328380214,1035.814149,38.48739134
9.019052221,-4.568978092,4960.902074,83.89688558
-5.331594891,2.150907196,2624.490306,176.1503547
3.795365302,0.531680576,1437.899989,55.17753674
-8.83287282,0.758915583,3944.10987,86.74166448
4.614181983,8.753261879,2300.237983,6.296123938
7.634404247,-3.896225946,1673.826924,178.8060062
-4.551262091,9.668679565,1473.962066,15.90659695
-2.418862078,8.042624296,3790.29446,126.8926718
-2.514076334,-0.825542228,4973.048859,194.2851651
4.975765151,6.349065272,2567.658729,182.6228253
-5.243855149,5.380939886,4054.954433,6.19167043
-6.562938019,3.557899392,3616.96128,54.04142204
-1.014167026,-3.603322212,2683.846037,21.54120898
-3.910631852,-6.070980164,1195.735762,81.10206056
6.783782445,3.430553935,2637.715817,90.54848052
-5.24516348,6.859465928,1117.062736,33.44005264
0.04778915,-9.674944226,4808.966576,154.907614
8.851671994,2.856067506,2637.552832,69.78759873
2.679953955,-1.142539508,3316.960749,79.83311672
7.345788109,7.961755103,4762.93952,59.44455282
8.804193787,-3.570541383,3304.098459,57.30994895
5.015297238,-0.516303755,1689.315711,83.99801412
3.991501204,0.295342081,4806.454315,82.04961556
9.359311332,-7.191209573,1751.759482,103.0340782
9.888015793,4.257846054,1512.584574,141.7798399
-0.963566347,6.609526902,2449.805751,22.3542509
-8.582604436,-8.841814462,2739.403344,18.60438252
-4.144119371,-4.172223589,4909.490024,31.08608195
-6.952905886,-9.239106369,3216.219653,19.23545973
-1.650272504,9.130882094,4223.362406,32.52612195
-7.374213431,3.343376414,4075.934924,6.247010014
2.08235608,9.284008389,2608.90499,165.4062453
-2.343838817,0.629885567,1298.596946,160.2193256
7.907717686,6.041370478,1478.92492,4.76476486
9.355893436,-2.511720322,4970.869084,65.00000904
0.937698033,-2.923619349,4439.781052,125.2987467
-4.503528603,-2.434643658,2382.873041,30.64443472
1.844608375,3.157242675,4331.121134,34.33081435
7.935223164,-2.81093698,4599.469544,13.46679543
-1.865333083,8.007349032,4693.580379,31.49794677
1.041565534,9.665497301,4500.823969,129.4249339
-4.566944648,-9.391469693,1744.8796,125.9494108
-0.891117011,-6.127534192,4173.860185,53.40750264
-1.965729292,-7.755000148,1222.54063,51.61233104
-5.031730698,-9.152719058,4226.108185,83.12463139
0.117327677,-5.445180133,3307.634793,95.7535173
-3.79238348,-1.064133593,3939.74502,183.5179964
-2.539302722,6.739807306,3198.822247,135.4982939
0.499408845,-5.56351939,3390.075972,63.99509274
5.011900459,-0.121094887,1148.085496,153.1104351
-3.329850684,8.592374789,1125.823118,88.53135513
8.483175332,3.344294136,4248.522416,117.8803245
7.246370937,5.961580395,2164.22547,131.2596164
-9.02619408,1.019879404,4228.857034,65.02603961
-4.927149515,9.609329177,3814.016493,100.1257534
-1.077289747,1.773243094,3259.790659,20.21269609
-7.907442225,-9.089785721,1419.843738,169.4088963
-3.030480219,-6.040344001,1264.169616,190.4833353
4.801950512,-1.904527421,2535.925957,180.3677232
3.610289623,2.025543451,4701.007581,8.950726448
2.447688571,5.438617348,1905.05326,170.5747306
4.210568054,-1.738277482,2688.962992,168.4148155
-5.901526261,4.2011661,3566.751183,26.13380631
-3.166037703,5.797390062,2986.807437,144.1915466
3.524849646,-3.654796055,1100.383816,10.76988571
7.584695261,9.585404801,3781.146019,162.3721499
0.873561077,2.993129905,4673.630698,160.4054289
-4.346006981,7.619961216,3398.777193,193.5297045
-9.39529484,1.118753776,3321.650733,86.78935365
4.206736579,4.832062143,4341.192967,99.38012937
-9.84231793,5.410881232,4331.353615,86.22154108
-2.546418604,8.164967585,1747.026111,102.0748624
0.610744291,-6.993004863,2689.196589,163.0731847
8.442229235,1.165668483,4277.079128,173.6746398
-8.210109099,-1.432429738,3939.335867,3.072863087
-1.881153561,8.463180423,4377.552138,133.64736
-9.513736006,-7.898106115,1517.773236,124.8389227
-3.147780313,9.651477774,2757.868244,122.374118
2.444621177,7.509026482,3835.81287,149.9182591
-4.418641035,-8.523474369,3920.645018,146.6002304
-5.805001007,-0.180672289,1287.21967,21.48137799
-7.685935333,4.351190004,3847.761426,142.0590115
1.54280488,4.763030914,3504.913837,165.8223495
3.905400118,8.129882505,2395.652315,2.452705555
3.439142812,5.997308712,2216.434397,63.94540619
8.977220414,-3.781392393,1116.037399,40.03182894
-9.945935722,-0.031304283,2567.959259,3.759019992
2.943933078,4.035715259,2227.980431,173.737136
2.007844742,-7.231263173,2726.005485,107.523743
1.774792199,-6.120184048,3834.982466,147.3871437
9.255406397,-0.379151038,1581.927632,43.52045398
-9.662566533,-4.035084026,2919.849727,24.93153615
3.929648614,7.251184996,4171.413153,31.17562141
6.273572994,1.72554643,1994.538363,169.1828085
0.196143932,-3.026696046,4454.737542,51.69136693
-3.320702608,6.976660512,4731.837856,123.5330418
5.816803265,6.097568971,1451.358436,70.89219421
-8.055141487,9.967097542,1462.801978,88.07911418
-1.159287245,6.946153767,3580.807985,171.034766
0.399047491,-1.710869304,3068.759955,146.8562956
3.879128219,-7.450022365,4614.310296,67.13308991
-8.182285359,6.812818164,4207.807621,179.440097
-5.444809969,-8.804841641,3007.570247,63.15909128
-1.793968746,-2.994575853,1274.762036,150.0497672
2.46589346,8.394759615,1395.481914,157.9664978
7.739215624,9.215329469,2793.964043,72.14882484
2.376523365,2.81129187,2218.286476,104.8985783
-7.330770581,3.77296634,4772.517718,91.88638816
9.611602656,-9.150910225,3663.383289,124.9049307
7.435714695,0.289606822,2082.122317,145.9716019
0.054415223,0.937363576,2427.834489,182.4281434
8.446959636,-3.197985078,1323.13088,116.771172
0.827615875,-8.628063305,1998.752178,180.4718868
8.466121358,-5.421848006,2275.085602,198.5827853
6.597947372,-2.840321263,3567.793378,109.1468354
9.365728206,-1.29716027,1690.214939,50.4240049
8.395656216,1.818534511,3708.734798,128.5026797
-9.279323651,4.447830374,1470.597423,145.8381744
-6.504559917,-3.647362535,4576.504443,129.655114
-2.217306458,-3.420924802,3505.74623,11.14177799
9.042853946,-9.606167146,3309.89048,37.72888538
-3.99942161,-9.182502798,1749.086759,47.71672329
-6.790647122,-4.843566114,3963.482603,49.00437766
7.726093322,4.804899953,1944.208648,187.8214566
-1.07211169,2.566276607,4192.172884,133.6029711
8.157511887,5.395780414,4115.818349,46.43870042
-6.795390674,5.378388724,4757.583011,33.11261789
3.22235023,7.131349353,4130.772926,9.664870812
-1.194724943,4.40638532,2459.780741,56.60238054
-8.470264619,9.58021838,3042.608986,67.34135029
3.929262893,7.976504386,3507.476165,56.13909787
-5.052024889,1.734343324,2070.07226,143.963855
-9.207689548,1.76315341,4200.206473,113.3977587
-8.801114035,-9.314659193,2316.392169,20.66053666
-8.778429259,9.970531554,1520.544312,129.8722111
8.15465915,-7.368480053,1238.085713,62.10841383
4.797678357,4.806943933,3640.037524,148.2720103
7.961247144,6.420303902,2058.845477,97.79385269
3.451646226,-2.538909414,4406.302794,28.17922058
0.578798581,-6.062958907,4089.727394,36.58869375
-3.911072713,-8.024802264,1460.831806,110.2950143
9.959245027,4.972120117,3221.124912,56.89670889
-2.756218821,-0.946929416,4869.495584,76.41412335
-0.587021016,4.27435518,4316.923701,157.1134385
-2.435096502,8.308152977,4488.958257,111.197011
9.590538587,-7.068325277,2051.026798,175.4520573
-6.506832292,8.383420014,3901.913637,137.6076788
-3.440239982,-1.76747081,2359.526616,30.76288214
3.60697332,-3.894659802,4312.250651,19.91029263
-8.735847633,8.861245212,1410.608866,128.6642642
2.14498748,9.813033852,3740.456393,107.1129938
-0.447069942,-6.022155645,3579.617278,146.8593729
-4.320000465,3.136766939,2045.272574,110.9099816
-5.231734382,-7.870093725,3528.645902,197.5264459
0.290254866,3.018280077,4643.523828,196.3283752
-2.641448389,6.546264556,3460.663319,54.43185552
-0.869602175,3.68997093,1736.172041,158.373914
-3.250452365,-1.653337159,2224.649654,153.2231022
9.409873872,-2.338672809,2406.233735,168.0922865
-7.331211365,-2.137551696,2244.677394,84.06776352
-8.063920936,1.79423636,3737.629927,185.5602795
-3.132165424,7.631345401,4800.011121,75.35525265
1.820538017,8.581323145,3015.640653,142.664873
3.183529437,-8.929407596,4161.028209,120.4756018
-2.054865057,-6.367552107,4777.54029,72.78945577
9.985559878,-7.755513683,2497.777662,45.57665301
-2.962140076,-6.133307185,1185.114791,137.0707051
4.428133359,-3.067843788,4013.206418,180.4663662
2.751653891,0.130633652,3939.961314,79.69965793
6.261077265,2.58922454,2213.006311,19.29372794
9.524513269,4.642844383,2076.519535,56.12152944
7.795873129,7.802230828,3813.312629,80.13070393
5.291239487,9.781768745,1625.620529,81.41153037
3.964969556,3.257129571,4373.792901,127.5350137
-3.290036606,6.907290373,4442.516115,23.03004382
-7.046288436,5.560776938,3265.393715,22.52129603
-8.747279939,-3.849359216,1875.21994,34.70865658
-5.161965916,7.513845405,4796.012224,33.14665953
-1.354370376,-9.144737241,1941.126314,35.15187701
0.439925473,-9.992653125,2236.004161,1.045020948
5.461671081,-4.525347412,2767.328198,54.84065436
9.174818461,-0.758049407,3082.919794,113.1382304
-7.653590392,2.7672579,2822.069289,198.4383661
-7.859917196,-7.964594669,1000.827794,82.21357096
1.79389446,3.460202677,4448.785839,169.2111274
4.907961479,6.036317341,1094.954486,41.89429532
6.963007607,-6.293741608,4526.20244,187.9539454
8.716641604,-1.697494903,4291.27098,3.404048149
9.668524845,0.399699799,4746.796431,5.426642079
-2.003966156,-0.963859638,2255.853801,72.41376021
-2.393296329,5.996598618,1718.827999,175.0630719
-7.043826466,9.210447962,1217.146105,113.3848948
3.698688774,5.97906328,3750.970788,7.026915295
3.135239169,-8.440143642,1626.235406,168.070082
7.241251917,6.098711443,1671.325939,32.43623582
-8.054840104,-8.668073355,1921.571687,75.19959377
-0.044461843,-5.280592295,2114.476236,17.08008945
1.621638593,-6.938062063,1854.386337,186.2418438
-5.168859199,-6.049617863,3429.668941,1.247486195
-6.619491877,0.566302541,3044.463773,175.6913143
7.191616728,3.433797152,3602.746366,33.67239721
-8.829301555,-0.593574353,3568.192862,40.45154215
-0.587581922,9.193912781,4420.623025,44.1430606
-7.683319974,-5.194153599,1146.906619,28.46933967
-0.858824773,5.262804605,3230.84664,28.61936429
9.599246527,7.40364357,2543.766359,174.3179083
-1.525872931,1.241322215,4157.058661,83.41673171
7.14249835,-0.875549961,1914.218993,72.53532806
-7.653688716,1.923688936,3435.806876,49.09272146
-4.574958465,-1.423804597,2078.373696,180.9820869
-1.924145187,1.103877646,1938.684739,116.9990512
-2.0037572,-1.661320957,2311.34794,69.04658437
3.427669573,-1.990605794,1254.302967,39.53540461
-3.105637452,3.906929363,3985.544911,182.5838573
4.275337368,-8.142975739,4525.240242,40.96208147
2.783737985,-6.669158545,1067.940438,13.06579847
-2.016777095,7.023969434,3609.769661,126.1071428
-1.364797447,5.421546936,3251.602652,55.41886938
2.290553996,-4.370925454,4621.575601,35.57843188
-8.599156197,-2.454621347,3741.440907,121.0182239
6.448134767,8.520530133,2674.3399,91.27441103
3.068423222,6.361544503,3312.784176,31.41405937
4.526849288,2.286926,1508.857937,114.8912867
0.738460022,-5.570196424,1648.600481,133.4463293
-7.79045778,-9.114960574,1895.347785,138.7553308
-1.899287734,-1.374843063,2932.360377,50.42876938
-1.892528343,3.452542785,2067.296443,103.7709629
-3.579140199,6.56960981,1402.177554,67.50277022
-9.400993502,7.053780115,3074.033784,185.3347717
4.745084852,-9.344481974,3791.319084,96.24430095
-7.804310839,-5.116859323,1385.756329,114.1106273
2.126162661,-3.21810823,3915.811278,106.277327
4.064349929,-6.225355781,1094.672671,199.6026462
2.695726459,6.059507567,3795.762494,179.1877242
9.18284504,5.349315262,4812.34102,197.4814955
-7.934036898,0.336660808,2827.067443,48.0775189
7.343343182,9.65852956,1263.563029,96.4731952
-9.416195303,-7.118829178,2130.728235,90.56138355
0.698337099,7.993034067,1590.055253,140.2984126
-1.915127641,-7.670734917,3003.746294,144.5170321
0.483677208,-6.73636589,1723.213789,83.67120624
-2.698002459,3.924384005,4985.526793,105.3377767
-6.188661701,-7.808606159,2678.263216,93.13034362
-9.617542051,1.316901908,2549.364748,153.119199
0.362996276,-1.595329271,1256.656346,98.88208806
6.855537254,4.569479311,3394.360873,135.6069962
-2.535680885,8.013504776,1497.213291,164.6256631
-5.54272364,5.397430293,2046.965861,135.6559821
-8.389359931,6.993797528,2196.556994,72.83431883
-8.293781538,-9.341091029,1392.463967,95.68860787
-5.572071074,-3.796090035,4320.055355,93.24690967
-7.999718782,0.308661734,1442.116042,191.8538278
-4.699206033,-1.680933707,2932.020125,87.14853564
-8.677010758,-5.37490094,2156.250319,182.7167521
-8.687902656,-3.842518041,1946.178263,181.9281899
7.125523592,8.908619408,1893.183412,149.3094083
-6.757594786,-4.116382403,3679.457504,40.40984614
1.193648116,-2.921917796,4175.19002,85.02978712
5.469110889,-9.925804525,2635.653433,129.0075297
-0.871808693,6.901552546,2274.113214,51.35696641
-6.932622443,-6.903185932,3924.142445,32.08164789
-6.008077158,-5.91711449,2076.656925,96.44871328
-1.340315874,-4.894709658,4481.842956,119.9663021
0.564681784,7.692441137,2175.510144,129.4688969
-3.011194159,-5.870971775,1205.010254,122.3068369
5.629592005,5.950527217,2881.370503,58.28307514
5.020432977,6.160986806,2199.621429,69.63972515
8.544236147,8.540411376,2863.815051,76.58403034
-9.420949019,-7.688773728,2168.10579,40.90704817
7.913825824,-5.654420553,4948.058518,41.38642439
-2.148624231,4.857965842,4898.144249,91.71383846
7.567449908,-6.079984914,3470.140823,25.67894194
3.815695523,-4.273409063,4626.240469,21.99380765
9.746975141,-6.665168398,2251.743863,101.0980053
5.185649034,-6.546066277,4151.571573,9.527447036
-2.70910748,-0.368932907,4060.210127,80.49467385
0.021263457,-7.806338758,2421.258054,149.7365881
-2.472216896,-3.566047631,3885.886922,194.8513997
-2.70176328,-1.468121808,1374.469709,99.97535012
-4.781910012,-9.50903767,1930.324744,51.42795734
-0.080594093,-2.233336671,1839.607052,125.5908683
3.634798901,-8.117551278,3503.085352,28.98825883
-4.453194574,-0.128429377,1807.048691,186.0995946
0.487596222,6.514763771,2134.228801,151.0087458
-7.652394117,6.368443244,2089.437561,30.13170984
-6.803094263,-8.391029689,4773.39796,19.53451467
-9.063872906,2.024555153,4791.998936,185.2566648
9.414628855,6.691727639,4326.586384,191.2107111
-9.92279297,-5.240549141,2806.087849,50.26856769
-6.428400639,5.238530229,2960.263869,34.37317915
2.257335062,7.815286929,2498.309184,137.9227994
-8.372608023,6.122483029,2843.31815,198.7404105
7.637930062,-7.85397937,1566.015398,51.55323302
4.392403157,-9.81880001,2083.93785,72.17203824
9.327799429,-6.165517802,1740.405226,71.97409505
0.152710945,-4.590453181,4523.624622,93.08487039
-3.991926337,2.323659812,3759.892656,52.47998383
0.990011456,-2.314536495,1533.339031,111.7813064
8.616374346,4.068140613,2721.638055,166.3277432
0.415228745,-2.93850079,2302.570472,80.07219419
-4.655859363,-6.911491507,1059.771576,56.03500539
7.547975783,-3.74620313,3957.710055,186.8977962
-2.56162503,7.686484528,2760.839265,109.9492106
-9.972333,9.170646885,2446.638936,46.5406431
-5.04629955,-5.849745319,1728.604407,69.42870081
-3.635329816,5.76936774,2953.157067,100.188527
7.175549365,-4.533025269,2086.556056,17.78668758
-0.829936659,7.742630869,3031.105379,6.766476082
-1.108254244,-6.689087744,2001.5734,142.1408919
-3.277954672,3.319198374,2170.581058,148.40072
7.613562461,-8.315774706,2700.652154,94.07424346
8.900535539,9.477866479,3443.645846,172.8632436
9.837806583,4.012666893,4370.251688,117.6812287
-2.465174661,6.836314788,2114.618578,151.4725105
9.322948913,1.333386787,2309.497004,187.1965013
5.837591393,-0.463972721,3578.699679,158.0727225
3.513782953,2.437647828,4979.381465,62.10973975
-5.102210412,0.574830234,1923.064073,23.79427321
-5.670854781,-0.612312897,1883.094331,7.954127603
-6.67904351,5.189005029,4281.221682,78.10958115
8.455132205,-6.435980901,4192.27847,1.490606666
-4.118466752,-6.576559037,2316.047243,147.580999
-0.938115091,-1.363146987,1059.000284,90.35352337
-0.12084332,-3.585041679,2718.072193,146.4459963
5.563431909,-8.517509642,3173.934631,99.54883083
6.884699231,6.889409848,4040.617723,2.978845716
-7.218545977,5.432056134,3643.788229,174.42522
-1.461912796,0.878429996,3688.506013,184.1064647
6.857097757,9.586490745,4213.52252,120.2119352
6.360666115,-8.547998669,4099.487525,139.8332588
-7.951724831,5.333386021,2893.01566,12.13412471
-6.872333023,-4.672592168,1419.250307,139.143333
-3.916026168,-2.628021601,4257.342282,16.8000826
-8.492818618,-5.614412296,3407.096,64.15757331
-1.506739943,5.780757829,1132.053908,59.70615335
-7.847645897,-7.11519796,4153.964239,168.286052
1.364351873,6.800333955,2573.357707,92.57933937
-5.068861204,3.231552965,2256.451585,12.54476171
1.928661307,-8.819535095,3060.193414,48.43997344
-7.649487142,6.219634632,3686.241327,88.8721464
9.517677368,2.555114323,4699.385511,189.4984534
8.651224077,8.099646392,1104.071092,48.26442808
-2.164061229,4.974446128,2218.686093,155.0797337
-5.156428117,1.222418549,1161.779604,34.98851319
-4.992035743,6.730943612,4372.525361,128.4671921
-0.332129296,-4.438995234,3814.151237,45.11683175
-9.200143962,0.939001237,2082.280873,154.3973873
2.794102122,-4.127663604,4077.536643,108.5040728
-1.833941833,9.364087822,3533.519258,178.5186908
-2.451868548,-5.476073983,3640.522139,21.35627974
6.18729943,-9.685235207,4001.718853,37.85673107
4.180709204,-3.48290316,1643.909148,153.2495751
9.086676308,0.050187939,3401.839256,67.19345399
-2.96127519,-9.432741315,3070.571725,13.8952184
7.950855293,1.184966001,2361.914081,140.6176833
5.399343725,7.485655499,3922.495278,27.1440554
-2.851506968,4.094643888,2736.960439,23.83877159
2.433308729,2.45936646,2880.272329,100.5698038
-4.228600847,9.119235014,1836.937842,82.39807508
7.487998341,9.165586677,3955.816073,34.79934659
-7.751453656,6.485329394,1042.401772,134.1133617
-5.751312774,2.154836948,2988.930587,83.09761276
-6.339334158,-0.24470881,3150.579449,137.0320463
-1.939479952,-9.733677735,2070.338111,76.56379869
4.904659201,2.125238125,1674.093439,165.1725352
0.538148981,9.781761507,2391.844987,114.8146432
-0.246473529,6.362021,1423.472138,162.3660068
-9.989080702,-3.187907122,3884.73191,125.2045206
-1.491965493,-6.959059499,3324.532551,72.33800358
-8.728924503,5.681172289,1167.07587,77.54989921
-5.834934958,4.878756413,4815.319209,161.4892068
8.647878779,9.34093584,4087.048676,5.845354565
-5.692035913,7.496847239,4897.559139,34.62876599
7.166752773,1.113252505,3571.08079,125.9074208
6.057867431,-7.974315061,4768.454883,148.6843595
-6.817075261,-0.329986832,4212.61567,170.4710442
2.114239145,-3.72609892,2234.657658,154.2022075
-7.686762562,0.24816964,4016.591579,196.296659
4.557763167,-3.965968507,1486.426068,183.9713214
2.749245547,7.23645984,3025.397425,84.18832302
6.238771234,6.88654028,4635.088468,157.7017746
-0.412309012,-3.690696857,3098.481532,59.20399313
8.297261757,1.991626927,4786.847718,185.7484884
-9.013021064,-1.396382847,2527.08409,199.432671
-4.142228699,8.181855141,3096.614302,146.9157688
4.301051949,-6.252781971,3277.981858,66.90953522
-1.637815765,3.954568036,4841.990734,192.5991373
-6.540972915,9.407506557,3830.726052,8.189948163
-7.855785091,-6.494489609,3379.260491,82.00031389
6.346782229,-5.960671432,1262.836338,102.0069754
-0.537140431,3.874466773,1892.227332,102.9253702
7.645673438,5.58307849,1493.455555,44.97517622
4.665782686,-0.189018904,3044.633333,80.4474585
-1.805475887,2.193729303,4963.269911,142.2295985
-2.529779717,-5.746351824,4350.217617,155.5165141
0.312766933,-0.467715429,2955.340442,143.6640263
7.781199064,-7.758562383,3057.573507,3.350980827
4.745571594,-3.571561494,1165.236052,135.1098004
-9.896940715,-4.304405899,4341.156648,48.2355818
3.883157027,-1.107492798,2527.324042,129.142466
8.390148138,8.602527245,1110.606845,76.01584063
4.20911519,-6.374646757,4697.184442,114.7001386
-6.459884369,-1.972235068,2759.507068,44.94764533
-0.329637451,2.311944382,3698.286445,135.4765301
-7.193679642,8.931141721,3160.189311,180.5252699
-2.820094433,-7.337036169,4158.616331,66.91806767
8.742340839,8.35753234,4849.516987,12.73230064
8.466106151,-8.378924227,3483.862306,187.8826178
-4.343262956,-0.385172057,1467.676491,109.8090233
-3.207379117,-0.908202655,3352.888161,166.3557718
2.004257363,-5.807945422,1126.830984,189.2402636
9.263945905,-3.050806638,2379.3646,174.9740004
-7.043973319,-0.916694633,1295.951977,104.0755166
-4.861667126,7.304229258,2142.841611,195.4621346
7.471136546,9.101282907,4594.915367,87.54995471
-0.162155366,0.378513573,1847.387874,49.94572084
7.979221845,7.401995806,4130.039979,173.6457588
-6.28964205,2.163431714,2585.565703,176.404229
0.653371749,-3.01825316,2476.826607,11.87670176
-3.474607347,-6.116115848,4377.575616,147.3567504
-3.669148802,-1.737304564,2650.65825,67.02659926
-1.062460721,0.456485658,4929.627675,172.0195141
-1.338451018,-9.111132235,1795.395656,48.58638532
-2.853062406,-7.083176683,4517.960583,116.060509
8.299415406,2.00368848,2084.348614,26.04947657
4.634883709,-5.499968106,3221.258832,176.6660169
4.550939827,6.746527522,1479.309953,27.20247697
-4.201731008,-3.461155005,1187.491277,129.5826082
1.554188486,-7.903315855,2491.069461,45.11466813
5.583588666,-8.329388229,1717.134087,151.3278587
5.911807371,8.742460411,2952.813032,36.83881926
-3.109390785,-7.639593775,1971.96814,151.6570062
5.417455131,-7.181804717,1155.49485,101.1980461
4.717877936,7.253321159,3873.173099,141.7372228
-7.169870288,-4.914237394,2335.201162,104.1215644
7.318909371,3.319028215,1689.207963,111.3084544
-1.173570596,6.334513741,4791.894101,120.8864432
-0.271791022,2.143612803,2954.236662,45.66876893
-1.032616422,9.149770869,3251.833985,115.1496184
1.35692003,4.177657985,4848.894193,52.76788394
2.423384947,-7.744969802,1472.617602,59.89197778
-0.036408685,1.168200531,1729.077405,99.80467628
7.335770865,4.363730522,3840.819131,45.65111934
2.554695124,6.039144807,3243.152925,123.796059
-1.971441014,-9.473573294,2661.087473,59.91359217
-1.666164862,4.377578305,1448.620133,37.20828281
6.216772303,6.51361642,3335.840338,179.7439865
-3.036161145,4.936676219,2765.781504,87.16449064
-5.770904084,0.246982913,3684.264932,188.5855133
-8.81233624,-0.839580738,2201.686827,82.94401448
7.520536958,0.988371666,2610.040228,2.117605089
8.370929024,4.092873977,2232.065679,39.84359756
-7.597596357,8.458285813,1803.727967,167.0700701
-3.31052517,2.340704213,3032.055733,72.0372566
-6.49255861,7.756686126,4316.55503,169.2753845
-7.682030623,4.025136949,1137.729196,77.64179187
7.99733486,-8.633272451,2941.51621,59.34474771
-8.862454817,0.0165638,4008.405773,160.1453509
9.609713269,-4.270273034,3536.217235,14.45773739
-8.070982786,-4.296501437,4972.10248,175.1903257
7.269412984,-2.881448976,1228.955034,83.97329432
1.33012214,-3.70534456,1646.968998,65.74202468
-2.641650244,1.572199602,2278.719026,43.98412706
-3.153152467,3.672030007,1024.90882,118.8814742
5.147282865,-4.625012258,3077.864854,189.5891976
-3.7085341,-7.404747549,3562.538725,70.48379177
3.146378332,-8.823825581,2674.945548,46.13373124
0.34652167,1.515056901,2669.361157,49.53039879
-0.300687097,-6.277396673,4509.115254,18.20635766
8.023243413,-9.815040116,3447.607661,47.3429739
1.092901172,8.555061586,2054.009255,128.8399937
6.537232061,0.742808382,2278.583654,142.689816
4.511470682,-8.151036395,1803.298527,83.32075894
-9.228855079,6.858422243,2058.57202,188.7286562
5.46220105,9.664054766,3680.648843,33.39269958
-5.662594998,-1.02798676,3551.055696,143.1418719
8.062992937,-9.150207835,2046.586719,81.02906141
-9.141516188,-7.649081185,3158.927462,47.87521095
-3.338559311,-2.366925067,4442.526095,38.92972285
-8.005341055,7.710452749,2073.517724,33.52261735
-0.488217658,-7.039226414,1099.584804,195.5710646
6.400448717,6.47980188,2104.345089,77.88492976
-4.036252807,-9.700474796,4762.892214,121.6276378
-6.981302054,-0.852226024,1082.049803,86.47391515
-3.394659286,2.887942819,1486.210634,162.1927772
6.277602838,-8.792410359,1694.896996,151.7173913
-7.192320844,2.295255012,3825.234353,9.347742322
-5.452751018,8.888082429,4914.745954,128.274134
-8.62296071,-6.794801597,3353.236563,193.7642597
4.11420088,4.592227661,1353.991797,170.0849816
-2.095335129,2.181877959,2831.986623,59.13485948
-3.783200457,-6.297672222,4132.281878,122.1870568
4.372527807,-9.875931706,1716.355068,90.07295242
-3.280449153,-9.81431099,2183.361465,116.9150405
4.555425464,0.641848183,3670.298002,112.3536553
6.303987906,8.855588191,2271.338734,146.6456215
-5.646743131,2.885972549,3915.431623,64.16381475
9.476373937,4.285996926,4180.589676,86.46435133
-6.752841042,-0.122690262,4323.127897,115.8205134
-4.183181867,1.637778853,3205.069029,1.617728448
-6.404094183,-7.472649493,2515.179686,54.33203247
-3.089886873,7.536412408,3473.852312,97.22951838
-0.398782244,5.215852573,1745.08381,36.10152886
0.44351738,9.963979057,1818.260753,143.8145933
7.072120846,-4.045541049,4274.817505,21.04496008
7.788958176,-5.459644564,4269.11117,144.5703293
-5.597922784,-7.496766841,2627.4505,164.44304
2.457880644,9.284195132,2869.624559,137.1185546
-7.770078854,5.617703693,2719.012453,183.4527729
-0.820602796,-6.673507726,2809.535154,142.3355286
-3.553329239,1.053729422,1911.165104,44.23764095
-3.669985091,-1.724635839,1873.153968,164.4018612
-0.348315166,-6.970279844,4331.116619,48.65600346
4.596552711,-6.758540299,3668.328305,166.3076786
-8.616346824,9.269399895,4903.115032,117.7704003
7.583466754,-3.900716341,1640.899471,102.5306495
4.696275493,8.828785834,4693.781727,115.7966663
-6.470012222,-8.487786539,4062.309838,78.71914379
8.783218182,-0.783939154,3110.298982,54.09407524
0.12624448,-7.40761903,3613.007068,92.07873591
9.996171562,-9.904252295,4350.50691,27.61133948
-6.054810514,1.075321474,3110.510532,123.9276361
0.698163968,-7.722117904,3589.529565,109.3718275
-4.195039149,4.440490619,4907.080316,134.615683
-3.916528852,3.962327514,3881.185096,127.6533281
1.821307617,-6.473341851,1313.897185,184.7920816
8.434381337,8.834842865,3867.217903,103.429379
6.105277112,4.420868169,4895.503714,2.495209702
4.47882797,-4.040594717,2562.917727,176.0663416
1.183475642,4.184675279,1173.712644,24.19517997
8.445970073,4.638605554,3909.302371,145.8388936
-0.152771866,-3.155473375,2236.584015,39.48479891
7.476643567,-2.488228751,4671.702264,24.6599373
6.679632878,-2.817869847,1730.15516,190.9491327
-5.723293064,2.332368871,2506.674621,7.142147985
5.424509259,8.008202931,1094.708076,6.0398982
-9.756576861,-6.536135275,2754.809881,89.66767554
-3.543409249,7.503992197,1760.014895,117.1405241
-5.408651106,-9.44693687,3388.369262,35.32201519
0.13725917,3.20677192,3984.746101,144.9355859
4.737063234,-1.711222536,2119.359532,187.840432
-8.046472651,5.825631045,1534.924814,99.6960798
0.298444039,4.423962259,1478.974275,24.35234323
8.768240434,-0.397843857,2018.94681,168.696191
-5.42706898,2.877280734,4313.685656,188.5818566
3.542822882,0.035462614,2732.277049,166.5644841