latitude,longitude,ndvi,evi
0.976270079,1.857605416,0.374793531,0.601560003
4.303787327,-9.798726087,0.428685981,0.513534167
2.055267521,-0.483476083,0.683056619,0.782137329
0.89766366,4.175407819,0.60094779,0.887078198
-1.526904013,-9.12049136,0.070482979,0.00201192
2.917882261,7.59042966,0.157477859,0.973626996
-1.248255775,0.401628333,0.070555687,0.344120737
7.835460016,-9.386779033,0.034590126,0.399127342
9.27325521,-5.511727762,0.776004918,0.3676832
-2.331169623,9.073513929,0.850958908,0.844363383
5.834500762,1.646394661,0.416177832,0.736792639
0.577898395,-7.850548645,0.968840785,0.178910893
1.360891222,-4.249109954,0.863597702,0.408093556
8.511932766,-0.865927483,0.860385044,0.002726732
-8.579278836,-9.580998615,0.3671844,0.803113321
-8.257414006,-1.767689728,0.954347163,0.236280476
-9.595632051,-0.210827291,0.748929846,0.08301669
6.652396911,-5.126442494,0.353692429,0.660768969
5.563135019,1.772780006,0.888832894,0.219095606
7.400242965,5.064802392,0.0041123,0.549007684
9.572366845,-5.283315518,0.571591041,0.161204904
5.983171284,2.409998006,0.520172793,0.790108353
-0.770412755,2.792444859,0.081789941,0.981973525
5.610583526,8.970806023,0.86235649,0.107492058
-7.634511483,5.565523346,0.281711168,0.841412611
2.798420427,6.966905396,0.376350079,0.489789552
-7.132934252,-0.191601831,0.475153414,0.051410865
8.893378341,-6.29302826,0.81693483,0.521307595
0.436966435,9.916305859,0.594938031,0.481922919
-1.7067612,-7.412884779,0.563957204,0.891413003
-4.708887758,-0.570853613,0.362377576,0.340391787
5.484673789,-8.638138015,0.279684672,0.757492167
-0.876993356,8.877017147,0.478120232,0.13230601
1.368678977,9.298498817,0.255733532,0.388503253
-9.624203991,4.38778124,0.339511438,0.539358836
2.352709942,-3.000143127,0.440376335,0.181522305
2.241914454,-4.912351978,0.843500864,0.19777003
2.338679937,-4.693933509,0.930510617,0.245340882
8.87496157,-7.454119492,0.82974137,0.742796447
3.636405982,0.516179062,0.525699715,0.943490906
-2.809841989,-7.163654486,0.711557253,0.127155295
-1.259360924,-3.665386669,0.335208609,0.54793994
3.952623919,2.534129519,0.459196923,0.147103775
-8.795490567,4.550872192,0.940489656,0.054255836
3.335334309,-9.514545908,0.35494748,0.039457072
3.412757392,-1.397680312,0.172985677,0.428906483
-5.792348779,3.042491897,0.472094057,0.425322759
-7.421474047,7.064919523,0.652591619,0.664192437
-3.691432982,-0.493504356,0.12651426,0.38993176
-2.725784581,9.384117434,0.122101419,0.22971642
1.403935408,-4.687349049,0.303694891,0.096303306
-1.227969731,-9.729825867,0.907649101,0.57115776
9.767476761,-0.324942706,0.674603851,0.21733853
-7.959103785,-4.8777241,0.221934156,0.377150516
-5.822464878,6.47435344,0.603487561,0.017530338
-6.773809642,-5.344546556,0.660239834,0.249042059
3.062166509,-3.787415634,0.52305468,0.65100281
-4.934167949,5.82454862,0.759382461,0.123137814
-0.673784543,4.302865041,0.024738989,0.661355384
-5.11148816,1.161024733,0.191117227,0.860420833
-6.820608327,4.098961238,0.966371744,0.869368927
-7.792497177,-1.627262729,0.497740002,0.157395849
3.126591789,-9.893799048,0.076514798,0.467332652
-7.236340973,-9.77289743,0.30817969,0.894563657
-6.068352766,0.224435751,0.001772386,0.7299262
-2.625496587,-8.334180406,0.579414242,0.866386378
6.419864597,-8.978490397,0.99947825,0.386893012
-8.057974484,9.310332783,0.590099498,0.499012664
6.75889815,7.180052793,0.610072929,0.895114053
-8.078031842,-6.959455456,0.327726613,0.429013711
9.5291893,-9.986715628,0.237032546,0.670167704
-0.626975967,8.833355908,0.508156572,0.424590772
9.535221764,-4.433494034,0.899786167,0.70800648
2.096910395,-6.282047943,0.009751104,0.613224816
4.785271588,3.830162157,0.569650842,0.441603493
-9.216244155,-7.821925223,0.428511071,0.549021998
-4.343860748,-4.70700804,0.621179306,0.598148894
-7.596068776,9.501893604,0.839958026,0.879058203
-4.07719605,2.789255489,0.449043913,0.676871189
-7.625445621,0.41355583,0.217682782,0.713754473
-3.640336412,-2.041627703,0.376606987,0.969926592
-1.71474011,5.490019098,0.150551372,0.067661757
-8.717050073,-7.18085047,0.084899214,0.187613563
3.849442387,9.346756041,0.375876349,0.318122293
1.332029084,7.222460161,0.62569855,0.946067344
-4.692210181,2.353139651,0.262835336,0.228555026
0.464961069,-9.141876192,0.915684159,0.565094573
-8.121189785,4.017112989,0.688951299,0.11776113
1.518929911,8.265686818,0.686313453,0.270667204
8.585923952,0.49154135,0.691710685,0.276109715
-3.628620951,-2.915503563,0.001684498,0.708466263
3.348207599,-7.5944531,0.813006753,0.108829082
-7.364042752,5.098022083,0.917608628,0.756984494
4.326544082,7.700437024,0.019397984,0.303546186
-4.211878141,-7.994965118,0.59829399,0.733470422
-6.33617276,5.179691095,0.67657577,0.366561115
1.730258696,-9.658790275,0.196242581,0.426401059
-9.597849076,9.341098362,0.838211263,0.12583076
6.578800584,2.301160413,0.625831414,0.10684191
-9.906090476,1.04878118,0.225055073,0.54184184
3.556330736,-4.081003328,0.967190117,0.637070153
-4.599840536,8.585833431,0.215865625,0.09213067
4.703880442,-4.681887453,0.678587807,0.139432244
9.243770902,6.562932264,0.473889779,0.032442751
-5.02493713,9.702173587,0.723284823,0.162408698
1.523146688,5.66793291,0.097759124,0.222577521
1.840838625,0.379798408,0.952545256,0.690703095
1.445038116,-8.678514723,0.204489031,0.065214647
-5.538367347,-0.551724217,0.220383939,0.687406509
9.05498023,-1.234881061,0.554028535,0.405428474
-1.057492428,-5.944079176,0.349733263,0.142953723
6.928173449,-1.528247266,0.442129686,0.982329173
3.989585506,-2.844842318,0.037098497,0.504269022
-4.051260983,-6.726314777,0.234884445,0.294184278
6.275956394,-1.172517133,0.773533117,0.055505171
-2.069885183,-4.744000874,0.902215154,0.314321644
7.622063942,0.441248414,0.233477443,0.612456231
1.625457453,-9.296798806,0.773349,0.245772912
7.634707237,8.124628396,0.028946693,0.569241451
3.850631802,6.32728611,0.04472428,0.278278126
4.505085596,1.05162665,0.393009218,0.044454427
0.026487639,7.036171655,0.147911146,0.413166262
9.121672694,9.247901476,0.166138569,0.356620288
2.879803985,-7.789554119,0.627397025,0.24589016
-1.522899029,2.616636168,0.858164269,0.528971832
2.127864283,9.959880019,0.778967242,0.389622824
-9.616136034,9.757783387,0.336493808,0.949945468
-3.968503667,2.066459846,0.875215967,0.621229123
3.20347075,-7.439582591,0.84134592,0.358154143
-4.198447856,1.66385662,0.524211697,0.214336693
2.36030858,-9.958707289,0.475876063,0.665123859
-1.424625981,-6.021773307,0.058462419,0.920128719
-7.290518716,9.122463191,0.15052507,0.627113111
-4.034353481,-3.391188548,0.0854132,0.829392243
1.399298214,2.767802116,0.526772502,0.684228671
1.817455225,-4.382810107,0.676638496,0.947181505
1.486504977,8.956437742,0.61878201,0.407208906
3.064016397,4.571174599,0.872885244,0.772725248
3.0420654,-3.406976848,0.658702404,0.509185969
-1.371631291,5.835228424,0.829707691,0.049491467
7.930931917,-7.83668951,0.140425185,0.01326224
-2.648762599,-2.153621199,0.171648075,0.425123465
-1.282701495,-5.575637445,0.918412278,0.65997439
7.8384671,3.674528946,0.354704682,0.863272537
6.123879781,-7.951074365,0.216998767,0.03262316
4.077771671,-2.059483354,0.912069235,0.941844101
-7.995462254,-4.467005396,0.970104524,0.884760512
8.389652275,0.126858386,0.637769646,0.873617205
4.284825991,-3.00204639,0.388338601,0.642669781
9.976940131,4.128211553,0.688385755,0.466658062
-7.011033907,-9.508459514,0.015557877,0.803993944
7.362521147,2.679738426,0.144712287,0.206174199
-6.750141306,-5.388574206,0.368714444,0.292291574
2.311191286,-4.625819425,0.832224501,0.1726933
-7.523600343,6.005112072,0.304315906,0.997981812
6.960164586,9.11136788,0.057871892,0.192181284
6.146379175,-3.668995799,0.378735273,0.700750919
1.382014772,6.536105407,0.241254152,0.46207227
-1.856334055,-7.920183241,0.056059938,0.033295285
-8.616660091,2.67963306,0.398924258,0.081263537
3.948575463,5.020645991,0.351421392,0.929428364
-0.929146346,-6.880441439,0.733839981,0.744542688
4.441111989,-1.479952247,0.063204821,0.546009785
7.327646519,7.854143285,0.379054446,0.209464803
9.5104301,-7.928430731,0.342433523,0.006356139
7.116066848,-9.638072836,0.646821525,0.772649917
-9.765718316,1.811707581,0.887920771,0.312298617
-2.80043871,-1.289369189,0.14298979,0.21404058
4.599811248,5.973784978,0.816253751,0.172311527
-6.567406455,8.469110764,0.609723403,0.808796385
0.420732124,-4.016927109,0.029242694,0.620632906
-8.913240233,-2.231917657,0.766888679,0.641300778
-6.000069502,-0.274558273,0.537688033,0.925437259
-9.629564111,1.763029209,0.799928825,0.891799044
5.873954067,9.677076594,0.408868033,0.680461235
-5.521506239,3.946605017,0.665502794,0.961026937
-3.092966386,-2.209029853,0.198804205,0.228961008
8.561625869,-4.724646271,0.191844575,0.019602233
4.088288038,8.892514368,0.340262408,0.921706778
-9.363221409,-7.289031338,0.519440506,0.264327976
-6.70611687,4.40531705,0.716526791,0.973102967
2.42956803,8.507900506,0.666804823,0.224039059
1.544571772,3.293311731,0.821344563,0.278459595
-5.242143573,-1.538911197,0.426396916,0.909449823
8.684279958,-6.020181201,0.912529254,0.812655158
2.279319119,-2.650493555,0.109167724,0.097391226
0.71265606,4.137436188,0.187203309,0.575471249
1.798199527,2.990684484,0.683717575,0.157751606
4.60244059,8.559523332,0.25377268,0.071671575
-3.76110009,7.337218273,0.164590546,0.612381829
-2.035578756,6.323015045,0.886493745,0.07805252
-5.80312502,8.229017507,0.068400846,0.471894986
-6.276139882,-4.473256945,0.991471107,0.614512761
8.8874478,-2.609529197,0.862589311,0.939102672
4.791015901,-2.402121924,0.868257747,0.921272199
-0.190823828,1.209011774,0.628713063,0.607457454
-5.451707441,3.364364591,0.22485568,0.502712519
-4.912870365,-4.265666339,0.798091555,0.650391182
-8.839416794,-9.610750654,0.053800565,0.924965493
-1.311667489,-2.015552327,0.582115345,0.99094042
-3.76408236,-3.829440809,0.439159635,0.033090333
3.926869776,8.84369438,0.750406832,0.969552089
-2.444963214,7.765300811,0.023768132,0.803185979
-6.407926449,7.206213567,0.386785504,0.07500484
-9.506425432,3.059995219,0.477094402,0.800167878
-8.655007371,-3.114216706,0.152359225,0.66263291
3.58785547,0.976985348,0.414720187,0.905737941
-0.926063109,6.304500814,0.910477686,0.457797282
0.731584222,-8.027792626,0.468634224,0.503338463
7.933425861,6.021497605,0.251776178,0.837313312
9.806778948,-9.176404173,0.532335061,0.483787795
-5.662060312,6.328420624,0.060842435,0.526367901
3.261564062,6.151276083,0.294268543,0.244358879
-4.733552465,-8.979853823,0.783636742,0.330422512
-9.586980011,2.543214229,0.64191425,0.287648375
5.167573077,0.049061486,0.023984852,0.045663218
-3.599656984,-6.603609937,0.569875999,0.58303379
-2.330722117,-7.032421246,0.21734008,0.842651504
1.766342271,5.465182521,0.975749816,0.770312653
6.620969105,1.353854977,0.783686996,0.24658564
2.579636872,9.659982698,0.127908099,0.586309689
7.453013109,9.644955546,0.385545678,0.490430656
-4.529159304,9.853339869,0.489969632,0.816553923
5.960936678,-7.627689633,0.182371714,0.353479923
-6.287281114,8.765122739,0.704283853,0.036596951
9.055833139,-5.10860782,0.84137876,0.887275812
3.749765528,-0.835754805,0.004464595,0.670280428
-5.689846458,5.148131116,0.133223388,0.18185846
8.94741181,-5.927581358,0.283462839,0.205704158
4.617116135,1.326232111,0.984110228,0.398199855
-4.921167148,-6.283665035,0.404527879,0.476388234
-5.733760453,-7.905277866,0.170251963,0.330300141
0.364014279,-7.668827751,0.120927118,0.515670451
-9.486745639,-2.847219303,0.901356164,0.89245025
-5.850598491,-9.906903263,0.810244084,0.629960707
-1.506290625,-1.502921576,0.619300607,0.36952915
-2.516600393,3.283942102,0.539695657,0.86044308
-0.728491513,-1.9662363,0.777153762,0.695723051
-4.447425874,-8.28410799,0.318150538,0.593723848
1.735686929,-8.74622276,0.639854657,0.516518166
7.277112118,-4.437669745,0.736845441,0.08783705
-7.649362881,-6.613746189,0.575648726,0.592935138
0.347582143,9.301899464,0.168731953,0.398259278
-7.358637873,-6.975395501,0.985904796,0.550329044
4.337193624,6.109248748,0.811195562,0.124065021
-2.078805944,1.722158835,0.490626943,0.786177556
1.308426237,1.3857384,0.619970176,0.511956046
-6.334403276,0.241614318,0.760075991,0.830930557
-7.103044813,9.435261522,0.458585184,0.20681226
-0.238874387,-2.723104498,0.739116205,0.938084161
-2.887745243,5.758315019,0.772927898,0.578184693
8.808638905,1.105882149,0.45900739,0.075685706
5.306505076,-2.087326647,0.187768128,0.313717671
4.973272397,9.109318666,0.597767079,0.982684908
8.074394795,1.966319387,0.554288839,0.613334119
-8.331551291,-7.621661157,0.500493686,0.419747052
1.043849398,-1.64921598,0.058582023,0.915691415
1.689521379,5.631634554,0.777563194,0.361284618
9.238727571,3.874940465,0.538708254,0.747145761
-4.157049464,8.326806597,0.430651452,0.146265081
-5.183424402,-4.812452317,0.814892221,0.697159696
-7.994121155,5.163874327,0.196884691,0.491439747
-9.671407408,-0.802495852,0.271681358,0.424629241
8.590586336,1.472194939,0.639727044,0.231609181
3.398330932,9.10093362,0.390058037,0.987455851
5.70305824,9.5857264,0.303069289,0.123619352
-4.365397885,7.231819279,0.254615935,0.2034919
1.728203324,-2.818058245,0.485730787,0.377411326
-8.720894678,7.754016715,0.775536872,0.131120374
-0.287448081,2.772183553,0.805325958,0.935324474
9.549902795,-1.400064391,0.790569701,0.910381391
7.530104906,-9.28514635,0.885645251,0.43819278
-3.236820963,5.402562484,0.050741831,0.492400695
9.231403091,0.042111614,0.98221686,0.062090597
-5.365967471,5.723769989,0.426461492,0.839372866
8.986376448,4.960455987,0.192982108,0.780487538
8.827554094,5.871347361,0.970022783,0.393288945
5.984051747,-3.986976826,0.825182323,0.477087264
2.608958737,6.015971981,0.929723552,0.659361797
7.485759332,0.976926569,0.523153726,0.465579037
-4.13959431,-0.533475991,0.74774185,0.273190394
6.978871106,3.502518276,0.519464038,0.297485443
2.357533838,-9.572826341,0.539450114,0.517313008
-9.735262845,-7.953663682,0.951500964,0.994531031
-3.055329641,-4.156452697,0.738356984,0.489925679
-7.037182781,9.659802199,0.566777807,0.05579742
9.636587796,-7.205084423,0.392735264,0.938695416
-0.432593859,-3.388073985,0.164327639,0.305970896
-0.05217269,-8.978938706,0.115730375,0.039825377
2.789450328,-3.374622394,0.299666146,0.072285761
-2.628307877,-3.59347427,0.692804345,0.171134604
-7.261994566,8.936143419,0.191552619,0.634156407
6.442354664,6.90308174,0.131462137,0.367986082
-6.203041762,-2.344715615,0.077757377,0.917300041
0.226379651,-9.504618839,0.84624938,0.793273564
-5.513659421,6.62062228,0.241189822,0.32083684
-8.04311031,3.210723543,0.200850464,0.986115802
7.243830348,-6.952710327,0.390853868,0.666498798
9.45838978,9.92142542,0.6294862,0.017438759
9.216693161,-7.995331252,0.586259757,0.463088249
8.131109984,7.342290832,0.923657807,0.910323875
5.480946654,-4.114676717,0.68197213,0.295960348
-3.337096959,-1.292930673,0.56197155,0.92686639
-8.3779722,5.909130536,0.711598167,0.615363154
-1.855176572,3.55016712,0.663723488,0.583043642
-5.355317157,8.757287489,0.767478319,0.365827103
-7.350247305,2.422806509,0.572426313,0.956923611
-8.931456364,-8.04379677,0.807290795,0.43061617
4.511887284,7.687207265,0.900057305,0.63438624
-9.771450827,5.3831105,0.696476829,0.637085369
5.41161497,4.237409018,0.357619858,0.643393385
-7.061067092,-8.925329053,0.279978236,0.306042778
-8.409558348,-2.075545107,0.637185665,0.864741481
-8.207939315,-6.651283611,0.631429138,0.593603541
3.440956147,6.438078168,0.023910564,0.388445582
-5.092655803,4.010572456,0.74710939,0.32227436
-1.589210666,7.661551946,0.221874487,0.113684741
1.147375826,9.331502138,0.054490162,0.610242492
7.211023477,5.494952284,0.153199208,0.782607443
4.540885254,9.884661664,0.656780888,0.422465794
-4.593441895,2.295397723,0.523054688,0.915660849
-7.370344014,-9.257407922,0.846937742,0.12553565
-8.892513592,-9.714969697,0.10625275,0.487889294
-3.96802731,-3.157922496,0.829516641,0.642425807
-4.757637015,6.469434381,0.6509179,0.569604111
-0.877188664,7.322694126,0.214929544,0.88949431
3.665626711,9.216250576,0.736905616,0.684033456
3.912508913,-8.697570629,0.741333288,0.825033131
-4.329623068,-9.10857778,0.108001584,0.662125911
-2.401460882,8.265671927,0.266446811,0.344243472
-6.376980765,-3.899066033,0.638864904,0.272583796
5.770910246,1.159748012,0.380574663,0.349961343
-8.863038471,9.64889766,0.765244946,0.408178144
3.939944834,-1.991029305,0.536042441,0.826807474
5.573907919,3.317427966,0.856997075,0.710936051
5.548151237,-1.982408727,0.111026015,0.826842364
-4.811548713,5.363893289,0.733746772,0.925136396
-2.523737241,0.554294511,0.46463997,0.814797159
1.751992704,-5.24953724,0.519390956,0.962277575
-4.543561952,-4.573877975,0.284045562,0.94986144
-2.582944016,-4.838815749,0.269063154,0.320961784
-6.058914396,0.646406565,0.189803815,0.392307059
-0.802882325,4.06378032,0.373345683,0.575205794
-9.107753975,8.985598001,0.238987845,0.690546196
5.995917691,3.881747502,0.189728076,0.464705671
-8.46087106,5.623856879,0.961795913,0.787769029
0.376702977,-6.621477683,0.447414282,0.632006813
-3.863798009,-2.5187475,0.678122333,0.595870279
1.550858977,-1.724395603,0.374148159,0.145395119
9.188666817,3.7276046,0.569793744,0.171314431
2.911404889,-4.082160472,0.499202109,0.313287229
-9.292751285,-3.934161572,0.612688148,0.962475004
-1.39195121,-2.882216907,0.722728754,0.076210348
0.200337046,6.206041631,0.663909206,0.960251238
0.723549894,1.551801801,0.762103389,0.477107231
3.627850212,-8.494454403,0.146304408,0.435961253
-4.448078045,-8.435078006,0.094031141,0.846879864
-7.422788691,-2.574261114,0.338899433,0.831476148
-2.146486469,5.331821012,0.481827861,0.133984009
9.128114456,3.77366853,0.224402586,0.8117444
-6.257382165,4.159647093,0.77322453,0.510703363
8.079679099,5.344201321,0.719555944,0.323127095
0.876119002,-4.256945742,0.913578918,0.108379229
-0.861771567,0.965125639,0.728960198,0.592227738
7.640828205,0.867052806,0.107145318,0.780331506
-0.827920765,4.792650024,0.664994824,0.885674516
4.483352732,9.137411382,0.412059338,0.971619103
-2.019493566,-4.440201104,0.259614777,0.123188521
8.080887858,5.865633455,0.601951422,0.396784
3.800500404,3.19941097,0.302190167,0.04867646
3.992441085,1.604757417,0.530856326,0.635743983
-3.445591969,5.497595587,0.575977385,0.88766961
5.135572855,8.880649329,0.529066915,0.687263069
2.721221109,-9.266171643,0.01068652,0.388709136
-5.199594532,-7.05199795,0.348738914,0.759923856
-6.78922355,5.12574463,0.790462264,0.996612943
5.92782949,-8.324172942,0.346895644,0.001122039
9.183332061,0.322474015,0.5093795,0.82805581
-0.837223455,-5.602784467,0.34663208,0.326271617
1.819683306,-4.514085923,0.199237907,0.74706647
7.154452884,4.036809659,0.199753471,0.23704086
-0.855530933,-9.396144535,0.748859585,0.201820405
9.037489537,7.466388558,0.62795266,0.809598137
1.515023241,-1.110420893,0.932057041,0.767388169
6.415342414,0.047865878,0.42100466,0.811220491
8.176874368,0.800959274,0.636567259,0.757340137
6.310476375,2.910885892,0.468539576,0.095862046
-6.811710731,-3.102868268,0.473937873,0.882878416
2.577968781,-7.977850189,0.854087376,0.377617549
-2.031314828,-3.632421267,0.454302744,0.219664513
-8.74574096,-6.63715764,0.928166801,0.567566961
-1.519354962,1.122663589,0.620507257,0.345864756
-4.826318662,-3.639427381,0.085424293,0.709869774
6.980766169,9.16134356,0.067982916,0.694618612
-9.333907469,9.31468556,0.982314212,0.850107453
9.179654437,2.402517611,0.399359386,0.993558558
-2.892623031,2.349945353,0.587458832,0.79956393
-2.865862192,9.707571291,0.43158607,0.141548972
-9.673429946,7.745663025,0.158896438,0.762642795
-6.295353495,5.301398983,0.125551703,0.566899538
-1.974809984,-3.728187765,0.212696153,0.563181241
8.585828346,-2.689219438,0.605337811,0.337245646
-8.007701396,-5.974664685,0.546533587,0.160732981
8.90603067,-0.257037462,0.328588432,0.173051941
7.389770611,9.807370443,0.04417424,0.057599506
-0.916752062,8.24301906,0.32402805,0.805349825
-3.465982365,-7.63301132,0.398303324,0.743948428
-5.345117414,-9.496194214,0.756423783,0.856728608
2.28929413,7.972753368,0.737483989,0.70414313
-9.33850817,0.743402559,0.221408097,0.167786003
-9.687878711,-5.996202236,0.227673952,0.73595902
-1.42408555,3.473065392,0.627882827,0.557851932
-8.638518521,2.884463559,0.651776347,0.108672953
-4.961180235,-7.558287863,0.561102776,0.90512235
-5.576781693,-4.80799533,0.11197138,0.902317103
-4.936176126,-8.798440714,0.285720148,0.627864205
-7.378895376,-5.802790523,0.031703211,0.41964122
-9.759275542,-7.353886503,0.761594147,0.237924103
-7.690314057,-6.135274151,0.806503427,0.097600526
2.36960519,3.709342918,0.920480599,0.805999499
9.485124256,-9.010005115,0.087915567,0.966753078
9.806900031,-7.962907695,0.906212956,0.014040632
-1.818918093,-7.316527238,0.918425223,0.479361287
-6.740911479,-3.669177581,0.997705992,0.106035788
2.775235147,-4.024993783,0.777888568,0.418539042
-0.193893069,-4.898724294,0.262637836,0.580612795
9.788195546,5.010733069,0.26455887,0.42910066
-8.693915857,9.960455755,0.688216878,0.017223483
5.664688766,0.679558473,0.679732662,0.987844768
-4.232030053,8.884054358,0.660329201,0.92580426
-5.171627598,-2.067797757,0.353120868,0.772373108
3.250091431,-7.866351064,0.519797278,0.400680899
-5.0787363,-1.824523411,0.301497479,0.689490181
3.317182351,-4.077444532,0.596790715,0.709768376
0.346170344,-0.131860754,0.772402177,0.340254641
-1.518220231,3.140873538,0.69869628,0.039686514
1.093756173,-0.778995617,0.432505328,0.622314517
-4.258969602,8.703210242,0.524728401,0.948083745
4.131494125,7.695296446,0.772418497,0.74778729
-1.702862613,4.039551903,0.232852909,0.227987389
-2.78908879,-0.206301753,0.221298599,0.555810301
6.573138291,-7.366254364,0.484986813,0.390214731
8.499338239,-2.059726664,0.494136478,0.54650053
-9.079853782,4.088030788,0.023472748,0.72405949
-5.347460143,-4.302289589,0.581946339,0.486717155
-3.02961261,-7.920238449,0.417741432,0.912316261
6.299329587,8.15796915,0.576379705,0.692114688
9.709828553,4.181016196,0.914823674,0.352318841
9.379434093,2.305528533,0.333118083,0.612333826
8.098966911,5.849978112,0.107835844,0.455376722
-4.068874699,6.712920752,0.206518689,0.792030839
9.840224868,-0.330820037,0.306537058,0.007449578
-5.011599179,7.623765028,0.863470096,0.585565512
-7.881876902,8.328380214,0.549074292,0.023491401
9.019052221,-4.568978092,0.995082067,0.979334396
-5.331594891,2.150907196,0.285032016,0.507532542
3.795365302,0.531680576,0.068726816,0.278799506
-8.83287282,0.758915583,0.301188136,0.110699514
4.614181983,8.753261879,0.992594932,0.341695213
7.634404247,-3.896225946,0.743099165,0.634079222
-4.551262091,9.668679565,0.91506135,0.972888321
-2.418862078,8.042624296,0.594844734,0.094400339
-2.514076334,-0.825542228,0.27536345,0.210236999
4.975765151,6.349065272,0.954431379,0.276943335
-5.243855149,5.380939886,0.229156452,0.766004126
-6.562938019,3.557899392,0.397114034,0.07897341
-1.014167026,-3.603322212,0.293387807,0.894397341
-3.910631852,-6.070980164,0.643459049,0.218986997
6.783782445,3.430553935,0.418009726,0.718027597
-5.24516348,6.859465928,0.957108208,0.760551765
0.04778915,-9.674944226,0.967420079,0.893083709
8.851671994,2.856067506,0.096914018,0.207538919
2.679953955,-1.142539508,0.928333093,0.723267678
7.345788109,7.961755103,0.797996015,0.353075975
8.804193787,-3.570541383,0.712337436,0.388287097
5.015297238,-0.516303755,0.362785981,0.508312057
3.991501204,0.295342081,0.67955724,0.131173727
9.359311332,-7.191209573,0.810666434,0.358724529
9.888015793,4.257846054,0.830424746,0.940489351
-0.963566347,6.609526902,0.805775619,0.180628728
-8.582604436,-8.841814462,0.32002359,0.315163952
-4.144119371,-4.172223589,0.185012992,0.807278342
-6.952905886,-9.239106369,0.543775351,0.249978693
-1.650272504,9.130882094,0.254226021,0.164790423
-7.374213431,3.343376414,0.784985182,0.190514491
2.08235608,9.284008389,0.044669987,0.985676415
-2.343838817,0.629885567,0.425408548,0.41330761
7.907717686,6.041370478,0.778588029,0.395967329
9.355893436,-2.511720322,0.080559104,0.757018017
0.937698033,-2.923619349,0.686979145,0.062739677
-4.503528603,-2.434643658,0.231063256,0.16953785
1.844608375,3.157242675,0.127393893,0.719880102
7.935223164,-2.81093698,0.307886855,0.319651267
-1.865333083,8.007349032,0.019336248,0.701678311
1.041565534,9.665497301,0.630022497,0.022860344
-4.566944648,-9.391469693,0.332908883,0.590359619
-0.891117011,-6.127534192,0.993711199,0.544245749
-1.965729292,-7.755000148,0.097839347,0.144856375
-5.031730698,-9.152719058,0.894884276,0.118735863
0.117327677,-5.445180133,0.497957749,0.928154198
-3.79238348,-1.064133593,0.117700719,0.505016938
-2.539302722,6.739807306,0.856117341,0.049900529
0.499408845,-5.56351939,0.111045564,0.148557839
5.011900459,-0.121094887,0.645859281,0.672552821
-3.329850684,8.592374789,0.245217563,0.476764443
8.483175332,3.344294136,0.449117544,0.597662786
7.246370937,5.961580395,0.573019923,0.458275084
-9.02619408,1.019879404,0.91967546,0.925514973
-4.927149515,9.609329177,0.28451376,0.825248728
-1.077289747,1.773243094,0.387694847,0.980144499
-7.907442225,-9.089785721,0.199595771,0.939232942
-3.030480219,-6.040344001,0.343621635,0.728697899
4.801950512,-1.904527421,0.125811828,0.052530421
3.610289623,2.025543451,0.548083396,0.999101777
2.447688571,5.438617348,0.559231614,0.473318696
4.210568054,-1.738277482,0.623373136,0.060997036
-5.901526261,4.2011661,0.23035238,0.991423311
-3.166037703,5.797390062,0.432355653,0.570376718
3.524849646,-3.654796055,0.041429087,0.459004023
7.584695261,9.585404801,0.040256688,0.019789431
0.873561077,2.993129905,0.309462858,0.428401169
-4.346006981,7.619961216,0.489142951,0.183270747
-9.39529484,1.118753776,0.692974018,0.718948992
4.206736579,4.832062143,0.758673465,0.007866903
-9.84231793,5.410881232,0.40178098,0.533035681
-2.546418604,8.164967585,0.755606422,0.043716218
0.610744291,-6.993004863,0.727604011,0.714829996
8.442229235,1.165668483,0.632474171,0.953019493
-8.210109099,-1.432429738,0.141629761,0.043320548
-1.881153561,8.463180423,0.287243989,0.103084161
-9.513736006,-7.898106115,0.533876752,0.515592974
-3.147780313,9.651477774,0.813931934,0.982462104
2.444621177,7.509026482,0.403313817,0.411456731
-4.418641035,-8.523474369,0.967066246,0.615572955
-5.805001007,-0.180672289,0.66540057,0.76165333
-7.685935333,4.351190004,0.313055637,0.927920089
1.54280488,4.763030914,0.56143408,0.177016651
3.905400118,8.129882505,0.375073681,0.911426015
3.439142812,5.997308712,0.911981144,0.626424247
8.977220414,-3.781392393,0.048347194,0.805606916
-9.945935722,-0.031304283,0.228915535,0.295555222
2.943933078,4.035715259,0.096566531,0.50010096
2.007844742,-7.231263173,0.805619692,0.20895919
1.774792199,-6.120184048,0.191079402,0.854604134
9.255406397,-0.379151038,0.742847381,0.204579093
-9.662566533,-4.035084026,0.561596494,0.548326779
3.929648614,7.251184996,0.830215985,0.417913213
6.273572994,1.72554643,0.994948793,0.049589513
0.196143932,-3.026696046,0.154236787,0.412147649
-3.320702608,6.976660512,0.150417331,0.784397419
5.816803265,6.097568971,0.636215533,0.528932521
-8.055141487,9.967097542,0.036304373,0.304796891
-1.159287245,6.946153767,0.81741795,0.445413315
0.399047491,-1.710869304,0.376639292,0.7742656
3.879128219,-7.450022365,0.398934723,0.66815376
-8.182285359,6.812818164,0.572045813,0.110903241
-5.444809969,-8.804841641,0.342095391,0.531246578
-1.793968746,-2.994575853,0.30023524,0.198695239
2.46589346,8.394759615,0.204969219,0.978407309
7.739215624,9.215329469,0.71882147,0.738625373
2.376523365,2.81129187,0.768612561,0.081000795
-7.330770581,3.77296634,0.608102664,0.248229259
9.611602656,-9.150910225,0.236033801,0.078125676
7.435714695,0.289606822,0.694758943,0.370096358
0.054415223,0.937363576,0.157858906,0.822684554
8.446959636,-3.197985078,0.878282462,0.066755548
0.827615875,-8.628063305,0.446326058,0.165357199
8.466121358,-5.421848006,0.475861274,0.267445244
6.597947372,-2.840321263,0.20414819,0.624080302
9.365728206,-1.29716027,0.615511121,0.974683448
8.395656216,1.818534511,0.985048885,0.822732066
-9.279323651,4.447830374,0.589100485,0.200926517
-6.504559917,-3.647362535,0.652345155,0.710062807
-2.217306458,-3.420924802,0.288489166,0.556387752
9.042853946,-9.606167146,0.325851408,0.491627865
-3.99942161,-9.182502798,0.19635559,0.908385807
-6.790647122,-4.843566114,0.514601672,0.588129756
7.726093322,4.804899953,0.147974577,0.137209675
-1.07211169,2.566276607,0.618481276,0.164967791
8.157511887,5.395780414,0.465310224,0.921973414
-6.795390674,5.378388724,0.624311893,0.080205196
3.22235023,7.131349353,0.07072085,0.13791411
-1.194724943,4.40638532,0.884057072,0.653113684
-8.470264619,9.58021838,0.378581378,0.224337411
3.929262893,7.976504386,0.206931359,0.826099103
-5.052024889,1.734343324,0.500783715,0.416006478
-9.207689548,1.76315341,0.929820897,0.482399813
-8.801114035,-9.314659193,0.694286147,0.128638158
-8.778429259,9.970531554,0.34008672,0.02816361
8.15465915,-7.368480053,0.303843547,0.759236232
4.797678357,4.806943933,0.661286557,0.073989704
7.961247144,6.420303902,0.088804657,0.64015902
3.451646226,-2.538909414,0.365410182,0.537531451
0.578798581,-6.062958907,0.478677784,0.518490546
-3.911072713,-8.024802264,0.760517477,0.299685022
9.959245027,4.972120117,0.325517314,0.756028636
-2.756218821,-0.946929416,0.792151829,0.400613551
-0.587021016,4.27435518,0.782687491,0.151254572
-2.435096502,8.308152977,0.01946321,0.05604314
9.590538587,-7.068325277,0.190413124,0.342547996
-6.506832292,8.383420014,0.653394279,0.608054979
-3.440239982,-1.76747081,0.49604206,0.220322093
3.60697332,-3.894659802,0.027636322,0.742204793
-8.735847633,8.861245212,0.359648881,0.108725813
2.14498748,9.813033852,0.6257736,0.471964757
-0.447069942,-6.022155645,0.99168634,0.536704253
-4.320000465,3.136766939,0.206874495,0.821012096
-5.231734382,-7.870093725,0.152719007,0.117947683
0.290254866,3.018280077,0.364368462,0.001674994
-2.641448389,6.546264556,0.550912629,0.533709712
-0.869602175,3.68997093,0.664499318,0.150725072
-3.250452365,-1.653337159,0.360814757,0.571693366
9.409873872,-2.338672809,0.228441638,0.032902806
-7.331211365,-2.137551696,0.00522443,0.49067502
-8.063920936,1.79423636,0.183446999,0.390740006
-3.132165424,7.631345401,0.100063564,0.156247382
1.820538017,8.581323145,0.242109865,0.467847241
3.183529437,-8.929407596,0.322574473,0.477169408
-2.054865057,-6.367552107,0.078738401,0.067881434
9.985559878,-7.755513683,0.405845959,0.676907793
-2.962140076,-6.133307185,0.16762608,0.913699973
4.428133359,-3.067843788,0.581367552,0.613442734
2.751653891,0.130633652,0.377877415,0.627191295
6.261077265,2.58922454,0.639652066,0.748403055
9.524513269,4.642844383,0.776154387,0.936070609
7.795873129,7.802230828,0.084702995,0.98247701
5.291239487,9.781768745,0.382478677,0.492684875
3.964969556,3.257129571,0.97777518,0.945007834
-3.290036606,6.907290373,0.002309596,0.359242641
-7.046288436,5.560776938,0.458911007,0.727644802
-8.747279939,-3.849359216,0.468909556,0.936795685
-5.161965916,7.513845405,0.823721558,0.016232777
-1.354370376,-9.144737241,0.290226907,0.920543242
0.439925473,-9.992653125,0.77603065,0.885050113
5.461671081,-4.525347412,0.002200223,0.205485803
9.174818461,-0.758049407,0.490750018,0.4097136
-7.653590392,2.7672579,0.319320488,0.122919643
-7.859917196,-7.964594669,0.80815553,0.747186807
1.79389446,3.460202677,0.402947279,0.77741356
4.907961479,6.036317341,0.06987842,0.88094192
6.963007607,-6.293741608,0.708386965,0.441451961
8.716641604,-1.697494903,0.013222988,0.63006149
9.668524845,0.399699799,0.33441654,0.84364752
-2.003966156,-0.963859638,0.498329998,0.093378317
-2.393296329,5.996598618,0.741742411,0.119158168
-7.043826466,9.210447962,0.313063913,0.817784653
3.698688774,5.97906328,0.104097454,0.441969474
3.135239169,-8.440143642,0.825256537,0.802869388
7.241251917,6.098711443,0.009822662,0.000150381
-8.054840104,-8.668073355,0.873131132,0.11502808
-0.044461843,-5.280592295,0.106497539,0.368343264
1.621638593,-6.938062063,0.125700955,0.397657201
-5.168859199,-6.049617863,0.166228864,0.833757881
-6.619491877,0.566302541,0.148343009,0.509782498
7.191616728,3.433797152,0.794779052,0.917964534
-8.829301555,-0.593574353,0.810981364,0.424697706
-0.587581922,9.193912781,0.169467987,0.066963853
-7.683319974,-5.194153599,0.112517621,0.457962045
-0.858824773,5.262804605,0.57248063,0.411008784
9.599246527,7.40364357,0.699706957,0.549457252
-1.525872931,1.241322215,0.559039858,0.639829154
7.14249835,-0.875549961,0.027689866,0.05890447
-7.653688716,1.923688936,0.766088253,0.617529433
-4.574958465,-1.423804597,0.714190216,0.13227367
-1.924145187,1.103877646,0.717259575,0.431813184
-2.0037572,-1.661320957,0.207213229,0.892330173
3.427669573,-1.990605794,0.070282708,0.133836528
-3.105637452,3.906929363,0.997284423,0.208759507
4.275337368,-8.142975739,0.477797233,0.423018763
2.783737985,-6.669158545,0.726242742,0.060393871
-2.016777095,7.023969434,0.096417378,0.286276614
-1.364797447,5.421546936,0.504932264,0.077469128
2.290553996,-4.370925454,0.504096659,0.477043621
-8.599156197,-2.454621347,0.122858013,0.573378725
6.448134767,8.520530133,0.351607645,0.749282356
3.068423222,6.361544503,0.891463339,0.92323938
4.526849288,2.286926,0.690214926,0.437620894
0.738460022,-5.570196424,0.7316708,0.627809952
-7.79045778,-9.114960574,0.878288792,0.060068291
-1.899287734,-1.374843063,0.310285599,0.475313828
-1.892528343,3.452542785,0.789944703,0.870007363
-3.579140199,6.56960981,0.096538723,0.592278687
-9.400993502,7.053780115,0.577548732,0.375101413
4.745084852,-9.344481974,0.534148076,0.08924627
-7.804310839,-5.116859323,0.4311922,0.498585879
2.126162661,-3.21810823,0.209169155,0.918703317
4.064349929,-6.225355781,0.427526514,0.073894228
2.695726459,6.059507567,0.844283139,0.530871419
9.18284504,5.349315262,0.730703374,0.426323285
-7.934036898,0.336660808,0.440603233,0.759463859
7.343343182,9.65852956,0.967588681,0.151150476
-9.416195303,-7.118829178,0.785291916,0.171195277
0.698337099,7.993034067,0.044260618,0.716004351
-1.915127641,-7.670734917,0.750736524,0.679957513
0.483677208,-6.73636589,0.71853778,0.517682794
-2.698002459,3.924384005,0.049220655,0.004558071
-6.188661701,-7.808606159,0.926557266,0.855664776
-9.617542051,1.316901908,0.467038863,0.987397673
0.362996276,-1.595329271,0.239127498,0.667444207
6.855537254,4.569479311,0.448225791,0.933227946
-2.535680885,8.013504776,0.833780467,0.757814603
-5.54272364,5.397430293,0.25050582,0.684161923
-8.389359931,6.993797528,0.914092793,0.351263496
-8.293781538,-9.341091029,0.064739809,0.079659665
-5.572071074,-3.796090035,0.089357084,0.032170891
-7.999718782,0.308661734,0.599324058,0.450561534
-4.699206033,-1.680933707,0.509796955,0.459535742
-8.677010758,-5.37490094,0.67150508,0.386185243
-8.687902656,-3.842518041,0.043445928,0.029923014
7.125523592,8.908619408,0.260242369,0.199345237
-6.757594786,-4.116382403,0.703144681,0.1365145
1.193648116,-2.921917796,0.344401568,0.012738602
5.469110889,-9.925804525,0.304654673,0.619133564
-0.871808693,6.901552546,0.819776963,0.098945965
-6.932622443,-6.903185932,0.796063062,0.148389536
-6.008077158,-5.91711449,0.744990939,0.099113163
-1.340315874,-4.894709658,0.627625416,0.764665409
0.564681784,7.692441137,0.954405144,0.883378403
-3.011194159,-5.870971775,0.021056996,0.11879403
5.629592005,5.950527217,0.1526431,0.615664933
5.020432977,6.160986806,0.459888279,0.619688645
8.544236147,8.540411376,0.280689843,0.281326491
-9.420949019,-7.688773728,0.293359343,0.588513225
7.913825824,-5.654420553,0.980296266,0.433281749
-2.148624231,4.857965842,0.044220485,0.107645249
7.567449908,-6.079984914,0.025897873,0.958247066
3.815695523,-4.273409063,0.935144855,0.678635443
9.746975141,-6.665168398,0.160090041,0.95395951
5.185649034,-6.546066277,0.042977282,0.151023307
-2.70910748,-0.368932907,0.458545279,0.794153678
0.021263457,-7.806338758,0.88189057,0.420625818
-2.472216896,-3.566047631,0.306064737,0.929686147
-2.70176328,-1.468121808,0.932251451,0.686990957
-4.781910012,-9.50903767,0.865276153,0.147165443
-0.080594093,-2.233336671,0.280417883,0.032474578
3.634798901,-8.117551278,0.435439192,0.125622242
-4.453194574,-0.128429377,0.923738067,0.712689777
0.487596222,6.514763771,0.123286779,0.010541814
-7.652394117,6.368443244,0.061893336,0.4782645
-6.803094263,-8.391029689,0.188719602,0.553053323
-9.063872906,2.024555153,0.225621273,0.812267582
9.414628855,6.691727639,0.179389013,0.44659485
-9.92279297,-5.240549141,0.031712067,0.005486695
-6.428400639,5.238530229,0.717658927,0.21878218
2.257335062,7.815286929,0.161951946,0.047554293
-8.372608023,6.122483029,0.455388959,0.980952405
7.637930062,-7.85397937,0.120388358,0.638422335
4.392403157,-9.81880001,0.365518111,0.001920028
9.327799429,-6.165517802,0.397467625,0.038529195
0.152710945,-4.590453181,0.912985976,0.225522033
-3.991926337,2.323659812,0.705316756,0.778855522
0.990011456,-2.314536495,0.906142174,0.399019185
8.616374346,4.068140613,0.489096332,0.505362511
0.415228745,-2.93850079,0.169341649,0.872508775
-4.655859363,-6.911491507,0.409633244,0.891242927
7.547975783,-3.74620313,0.593678488,0.427838213
-2.56162503,7.686484528,0.541245165,0.760159478
-9.972333,9.170646885,0.896305492,0.234175809
-5.04629955,-5.849745319,0.592377796,0.1751864
-3.635329816,5.76936774,0.256630821,0.976294287
7.175549365,-4.533025269,0.95258633,0.638201011
-0.829936659,7.742630869,0.173926168,0.657287463
-1.108254244,-6.689087744,0.476438265,0.877837881
-3.277954672,3.319198374,0.887650512,0.027034402
7.613562461,-8.315774706,0.709921841,0.285888388
8.900535539,9.477866479,0.535382427,0.719170017
9.837806583,4.012666893,0.687828053,0.454623191
-2.465174661,6.836314788,0.4377935,0.94286896
9.322948913,1.333386787,0.396805882,0.450574496
5.837591393,-0.463972721,0.62783804,0.127032218
3.513782953,2.437647828,0.737008232,0.907300266
-5.102210412,0.574830234,0.937460225,0.005116773
-5.670854781,-0.612312897,0.836545547,0.758763495
-6.67904351,5.189005029,0.960692506,0.008337658
8.455132205,-6.435980901,0.115886123,0.463215047
-4.118466752,-6.576559037,0.989473466,0.2055467
-0.938115091,-1.363146987,0.200301787,0.951662854
-0.12084332,-3.585041679,0.080903923,0.396740496
5.563431909,-8.517509642,0.656810503,0.030952824
6.884699231,6.889409848,0.673487288,0.776794373
-7.218545977,5.432056134,0.973822258,0.316583949
-1.461912796,0.878429996,0.771023686,0.63945834
6.857097757,9.586490745,0.392658331,0.405228053
6.360666115,-8.547998669,0.600105413,0.438514092
-7.951724831,5.333386021,0.609454347,0.263796443
-6.872333023,-4.672592168,0.765418735,0.788332608
-3.916026168,-2.628021601,0.581098038,0.46372049
-8.492818618,-5.614412296,0.38644068,0.039617496
-1.506739943,5.780757829,0.681458101,0.94476717
-7.847645897,-7.11519796,0.240101506,0.496920784
1.364351873,6.800333955,0.349551242,0.485971947
-5.068861204,3.231552965,0.071631123,0.346450655
1.928661307,-8.819535095,0.816230168,0.635147835
-7.649487142,6.219634632,0.070999092,0.401542606
9.517677368,2.555114323,0.298796814,0.749479349
8.651224077,8.099646392,0.925632912,0.876582574
-2.164061229,4.974446128,0.559409685,0.489731465
-5.156428117,1.222418549,0.21787992,0.652552325
-4.992035743,6.730943612,0.992887165,0.295536993
-0.332129296,-4.438995234,0.880729482,0.625402798
-9.200143962,0.939001237,0.068180273,0.635239394
2.794102122,-4.127663604,0.230285062,0.511974925
-1.833941833,9.364087822,0.642260593,0.159846058
-2.451868548,-5.476073983,0.198803157,0.725309867
6.18729943,-9.685235207,0.537177933,0.31966411
4.180709204,-3.48290316,0.165860761,0.38821479
9.086676308,0.050187939,0.672705509,0.851543852
-2.96127519,-9.432741315,0.531236117,0.681125054
7.950855293,1.184966001,0.969432244,0.082670897
5.399343725,7.485655499,0.133813278,0.565379088
-2.851506968,4.094643888,0.530721249,0.086920114
2.433308729,2.45936646,0.31172389,0.64545649
-4.228600847,9.119235014,0.612688763,0.394652312
7.487998341,9.165586677,0.20325554,0.812998957
-7.751453656,6.485329394,0.92539246,0.780178818
-5.751312774,2.154836948,0.437921817,0.999708379
-6.339334158,-0.24470881,0.431771381,0.299170273
-1.939479952,-9.733677735,0.786325043,0.175078796
4.904659201,2.125238125,0.90751827,0.185318238
0.538148981,9.781761507,0.493973762,0.598918987
-0.246473529,6.362021,0.771289228,0.334544151
-9.989080702,-3.187907122,0.143940963,0.90685483
-1.491965493,-6.959059499,0.252409111,0.079356251
-8.728924503,5.681172289,0.692990314,0.764816812
-5.834934958,4.878756413,0.926747109,0.489710645
8.647878779,9.34093584,0.117208744,0.637433436
-5.692035913,7.496847239,0.134387194,0.587824245
7.166752773,1.113252505,0.975227237,0.530258604
6.057867431,-7.974315061,0.091236359,0.698347355
-6.817075261,-0.329986832,0.042895897,0.545706339
2.114239145,-3.72609892,0.531754335,0.922471698
-7.686762562,0.24816964,0.224411321,0.551677586
4.557763167,-3.965968507,0.297626568,0.919665732
2.749245547,7.23645984,0.617893693,0.806335078
6.238771234,6.88654028,0.351246437,0.847547857
-0.412309012,-3.690696857,0.995654215,0.897287474
8.297261757,1.991626927,0.228221032,0.202556423
-9.013021064,-1.396382847,0.865275405,0.342554618
-4.142228699,8.181855141,0.875222769,0.899373953
4.301051949,-6.252781971,0.437586399,0.149214792
-1.637815765,3.954568036,0.99733631,0.490144892
-6.540972915,9.407506557,0.2828003,0.104748548
-7.855785091,-6.494489609,0.091063737,0.152546807
6.346782229,-5.960671432,0.567194975,0.588889286
-0.537140431,3.874466773,0.007471775,0.396101516
7.645673438,5.58307849,0.474163755,0.423692126
4.665782686,-0.189018904,0.836803791,0.508131452
-1.805475887,2.193729303,0.419707076,0.660727912
-2.529779717,-5.746351824,0.203992369,0.499329474
0.312766933,-0.467715429,0.255655551,0.341772389
7.781199064,-7.758562383,0.913808227,0.192808475
4.745571594,-3.571561494,0.662212704,0.464473137
-9.896940715,-4.304405899,0.161311866,0.375553028
3.883157027,-1.107492798,0.463193461,0.815445242
8.390148138,8.602527245,0.614593793,0.015297185
4.20911519,-6.374646757,0.505140411,0.570397787
-6.459884369,-1.972235068,0.785088871,0.618459265
-0.329637451,2.311944382,0.006292453,0.987896544
-7.193679642,8.931141721,0.28106435,0.885364217
-2.820094433,-7.337036169,0.574590712,0.517567273
8.742340839,8.35753234,0.538899754,0.288515453
8.466106151,-8.378924227,0.104080197,0.010184999
-4.343262956,-0.385172057,0.17521611,0.240780778
-3.207379117,-0.908202655,0.752958723,0.847435389
2.004257363,-5.807945422,0.534785485,0.973256242
9.263945905,-3.050806638,0.639967371,0.701054242
-7.043973319,-0.916694633,0.816752221,0.603854208
-4.861667126,7.304229258,0.583826682,0.606234132
7.471136546,9.101282907,0.313949417,0.649907629
-0.162155366,0.378513573,0.523250294,0.001789119
7.979221845,7.401995806,0.130391695,0.369958404
-6.28964205,2.163431714,0.272077232,0.329278822
0.653371749,-3.01825316,0.655130402,0.977933189
-3.474607347,-6.116115848,0.041111001,0.000726699
-3.669148802,-1.737304564,0.000850934,0.736344717
-1.062460721,0.456485658,0.887072424,0.405286912
-1.338451018,-9.111132235,0.964328815,0.064760375
-2.853062406,-7.083176683,0.905612663,0.360952861
8.299415406,2.00368848,0.215461564,0.12784881
4.634883709,-5.499968106,0.754657804,0.037359964
4.550939827,6.746527522,0.456468001,0.683453062
-4.201731008,-3.461155005,0.070943868,0.024684574
1.554188486,-7.903315855,0.794986145,0.011964104
5.583588666,-8.329388229,0.808174757,0.425984025
5.911807371,8.742460411,0.721977507,0.13056535
-3.109390785,-7.639593775,0.99655075,0.446127615
5.417455131,-7.181804717,0.992117135,0.366034318
4.717877936,7.253321159,0.179420402,0.102277353
-7.169870288,-4.914237394,0.795412464,0.639707176
7.318909371,3.319028215,0.659824098,0.649722186
-1.173570596,6.334513741,0.726467937,0.644677903
-0.271791022,2.143612803,0.990900502,0.86463001
-1.032616422,9.149770869,0.83661925,0.006773741
1.35692003,4.177657985,0.391517293,0.027735021
2.423384947,-7.744969802,0.93746562,0.523165286
-0.036408685,1.168200531,0.875165476,0.466015528
7.335770865,4.363730522,0.706233577,0.990567475
2.554695124,6.039144807,0.936959333,0.35753607
-1.971441014,-9.473573294,0.462266766,0.389104194
-1.666164862,4.377578305,0.713256232,0.835706369
6.216772303,6.51361642,0.004087295,0.623092178
-3.036161145,4.936676219,0.568581082,0.071075121
-5.770904084,0.246982913,0.723689066,0.057659295
-8.81233624,-0.839580738,0.383011882,0.528551803
7.520536958,0.988371666,0.867918274,0.396772352
8.370929024,4.092873977,0.485067807,0.735431331
-7.597596357,8.458285813,0.282551356,0.628062185
-3.31052517,2.340704213,0.549445026,0.000306537
-6.49255861,7.756686126,0.905515768,0.016877657
-7.682030623,4.025136949,0.682448866,0.839714487
7.99733486,-8.633272451,0.95007935,0.16458518
-8.862454817,0.0165638,0.447619276,0.569595518
9.609713269,-4.270273034,0.658479492,0.94049681
-8.070982786,-4.296501437,0.628393621,0.966606644
7.269412984,-2.881448976,0.239123175,0.844252736
1.33012214,-3.70534456,0.744575501,0.888923251
-2.641650244,1.572199602,0.067991684,0.90505875
-3.153152467,3.672030007,0.575124179,0.07655581
5.147282865,-4.625012258,0.178014958,0.857242821
-3.7085341,-7.404747549,0.188343559,0.415732127
3.146378332,-8.823825581,0.979831544,0.042665654
0.34652167,1.515056901,0.384520669,0.5331711
-0.300687097,-6.277396673,0.519611436,0.116704046
8.023243413,-9.815040116,0.665113786,0.079114471
1.092901172,8.555061586,0.49829092,0.467578819
6.537232061,0.742808382,0.725876439,0.314768986
4.511470682,-8.151036395,0.026030225,0.881317681
-9.228855079,6.858422243,0.676701547,0.315590843
5.46220105,9.664054766,0.324393498,0.822576301
-5.662594998,-1.02798676,0.879364097,0.004891215
8.062992937,-9.150207835,0.14340792,0.949208535
-9.141516188,-7.649081185,0.030643464,0.054329025
-3.338559311,-2.366925067,0.060951094,0.262883355
-8.005341055,7.710452749,0.522185164,0.024886569
-0.488217658,-7.039226414,0.215248671,0.959354938
6.400448717,6.47980188,0.753177694,0.051685118
-4.036252807,-9.700474796,0.055526,0.349003042
-6.981302054,-0.852226024,0.234828898,0.663840298
-3.394659286,2.887942819,0.830241621,0.322015797
6.277602838,-8.792410359,0.045641159,0.007486741
-7.192320844,2.295255012,0.787612817,0.240572533
-5.452751018,8.888082429,0.111765059,0.714692647
-8.62296071,-6.794801597,0.84275901,0.378278428
4.11420088,4.592227661,0.784042178,0.820285338
-2.095335129,2.181877959,0.218755812,0.738979971
-3.783200457,-6.297672222,0.401972456,0.585986574
4.372527807,-9.875931706,0.45800456,0.094475325
-3.280449153,-9.81431099,0.393776519,0.981999409
4.555425464,0.641848183,0.211031622,0.520672857
6.303987906,8.855588191,0.22615787,0.260179285
-5.646743131,2.885972549,0.690695866,0.602134639
9.476373937,4.285996926,0.151557125,0.70677982
-6.752841042,-0.122690262,0.281986591,0.467504498
-4.183181867,1.637778853,0.063025825,0.641830983
-6.404094183,-7.472649493,0.218108336,0.108040118
-3.089886873,7.536412408,0.03780855,0.874065551
-0.398782244,5.215852573,0.698338734,0.680725131
0.44351738,9.963979057,0.404429085,0.77298696
7.072120846,-4.045541049,0.377668287,0.11373506
7.788958176,-5.459644564,0.485638236,0.519302683
-5.597922784,-7.496766841,0.261294615,0.692594781
2.457880644,9.284195132,0.360333592,0.52228285
-7.770078854,5.617703693,0.590965672,0.099208995
-0.820602796,-6.673507726,0.224523866,0.060659191
-3.553329239,1.053729422,0.461967947,0.616016236
-3.669985091,-1.724635839,0.574922651,0.796891263
-0.348315166,-6.970279844,0.138093997,0.996629041
4.596552711,-6.758540299,0.306969937,0.568217478
-8.616346824,9.269399895,0.552212277,0.229497347
7.583466754,-3.900716341,0.401259815,0.405076564
4.696275493,8.828785834,0.715994604,0.10663965
-6.470012222,-8.487786539,0.231321788,0.413870669
8.783218182,-0.783939154,0.470723711,0.84016728
0.12624448,-7.40761903,0.82104607,0.390199712
9.996171562,-9.904252295,0.142769317,0.051733576
-6.054810514,1.075321474,0.894927914,0.165911421
0.698163968,-7.722117904,0.447245885,0.669677703
-4.195039149,4.440490619,0.479840294,0.691225515
-3.916528852,3.962327514,0.635908406,0.19804175
1.821307617,-6.473341851,0.541833571,0.810141542
8.434381337,8.834842865,0.823250133,0.280855632
6.105277112,4.420868169,0.186640096,0.555715234
4.47882797,-4.040594717,0.129904634,0.307705642
1.183475642,4.184675279,0.263484669,0.693117019
8.445970073,4.638605554,0.997813354,0.375675115
-0.152771866,-3.155473375,0.098864416,0.761806923
7.476643567,-2.488228751,0.530451809,0.483426097
6.679632878,-2.817869847,0.773380735,0.640270234
-5.723293064,2.332368871,0.832596153,0.926053138
5.424509259,8.008202931,0.957424693,0.435344781
-9.756576861,-6.536135275,0.9951669,0.550644975
-3.543409249,7.503992197,0.552256158,0.18911779
-5.408651106,-9.44693687,0.240786841,0.693432263
0.13725917,3.20677192,0.519896444,0.212707449
4.737063234,-1.711222536,0.736032183,0.689958207
-8.046472651,5.825631045,0.476667703,0.92318343
0.298444039,4.423962259,0.272310197,0.941300889
8.768240434,-0.397843857,0.822093025,0.801828185
-5.42706898,2.877280734,0.829114888,0.539144597
3.542822882,0.035462614,0.550647891,0.837218529