latitude,longitude,soil_carbon,soil_moisture
0.9762700785464951,1.8576054156231514,8.30366623559695,19.488687349355782
4.30378732744839,-9.798726086878133,5.284755873714088,27.03664059473076
2.055267521432878,-0.483476082855546,5.708403909928682,32.250449240989845
0.8976636599379368,4.175407818820974,3.254685277754607,34.804522799922125
-1.5269040132219054,-9.120491359518187,6.445387151294251,33.57444497999223
2.917882261333123,7.5904296604746015,3.7261432780285153,10.812698100769628
-1.2482557747461502,0.4016283327134609,6.195556130886839,33.993634337625494
7.835460015641594,-9.386779033485642,2.5271030401666286,7.052017060932024
9.273255210020587,-5.511727761583196,2.435221831070429,12.0059738542699
-2.3311696234844455,9.073513928546259,4.753267670727942,26.80243520230962
5.834500761653292,1.646394661041107,4.841375635994868,9.014238390641651
0.5778983950580887,-7.85054864462391,3.4129833842128514,26.117165826967003
1.3608912218786458,-4.24910995438877,2.18437165330021,15.778799197724732
8.51193276585322,-0.8659274827903154,1.3528948529250735,20.03133048041269
-8.579278836042262,-9.580998614645392,1.2270864455903454,16.030302620591733
-8.257414005969185,-1.7676897277248234,3.443952610058281,7.456074875271657
-9.595632051193485,-0.21082729130603717,5.156680979457434,22.52655635226863
6.65239691095876,-5.126442494375356,7.536189531755143,38.72598055382106
5.563135018997009,1.7727800058397314,5.273845306426081,26.41241718560445
7.400242964936382,5.064802391843537,9.136457374917535,15.501115506599385
9.572366844655281,-5.28331551788729,1.3169782411786637,38.46524419434067
5.983171284334471,2.4099980055997534,2.6259455938657092,18.62330381832796
-0.7704127549413631,2.7924448592748323,4.046630434931284,29.413120685409524
5.610583525729108,8.97080602257682,6.1974656925861025,27.19394817228555
-7.634511482621336,5.5655233459288755,8.674625421045482,38.351879681359804
2.798420426550477,6.966905395800119,4.1518175676091875,37.0110943073193
-7.132934251819072,-0.1916018312744967,3.4118981425397807,10.180141972251093
8.893378340991678,-6.293028260412344,1.5570025195860617,7.999005615529786
0.43696643500143395,9.9163058591927,8.391731299282936,33.33748147295904
-1.7067612001895291,-7.412884779226008,4.4169979888601105,36.67301246538881
-4.70888775790746,-0.5708536129146928,6.143951758752409,22.25407613730148
5.484673788684333,-8.638138015157867,9.851998763540983,29.176644584182128
-0.876993355669029,8.877017147016389,1.0143511354386512,7.442589806244637
1.3686789773729693,9.298498816968792,2.309051266289794,12.693153924976516
-9.624203991272896,4.387781240079471,8.011998946174199,10.22816681298524
2.352709941517542,-3.0001431273966217,8.246147366870542,26.04062042425119
2.2419144544484286,-4.912351977647513,7.923224071294799,11.91389628181375
2.3386799374951384,-4.693933509259052,5.832990019385464,7.094621044279772
8.874961570292484,-7.454119491598505,9.809712829207506,15.577254895760376
3.636405982069668,0.5161790615344586,4.5656610399578845,28.702435018988346
-2.80984198852428,-7.16365448597045,6.417493283018011,25.225230349164907
-1.259360924013171,-3.665386668930875,1.5703210409396346,16.575373792312256
3.9526239185452976,2.5341295191820983,4.688717049166049,34.171760654518174
-8.795490567414603,4.550872191814996,7.502500787589298,14.669418780423136
3.335334308913353,-9.514545907558777,3.1486495669362937,14.119167342798892
3.412757392363188,-1.3976803124652015,9.494448301658336,24.598159377635586
-5.792348778523182,3.0424918968427797,7.181050308789602,21.737547394602146
-7.421474046902934,7.064919523170257,3.588178445718143,20.609043121012625
-3.691432981516323,-0.4935043557583523,7.920990304352707,10.45249666339235
-2.725784581147548,9.384117434353705,1.7484829462729818,22.662616707154687
1.4039354083575937,-4.687349049171054,9.772969802594108,14.065662104640548
-1.2279697307535926,-9.729825867465623,1.4435673316620266,18.726295891665536
9.767476761184525,-0.3249427059652774,9.401103020338464,30.67496566847122
-7.959103785039439,-4.877724099599641,3.2756848997343506,37.79019889457744
-5.822464878103306,6.474353440463389,7.820416969218014,32.08520378162635
-6.773809642300074,-5.344546556377758,1.0006632948979548,19.197186311814228
3.0621665093079677,-3.7874156341738736,3.2881608026163978,25.756159876506736
-4.934167949204358,5.824548620382245,7.741905459847479,31.12742355564964
-0.6737845428738751,4.3028650405072,5.791024638075901,19.4977367533562
-5.111488159967945,1.1610247331452506,2.034569346734034,17.608685558430537
-6.820608327089605,4.098961238455189,4.5426677125354775,9.733515358455215
-7.792497176713898,-1.6272627285994705,4.379944195760883,30.769128051655645
3.1265917893054684,-9.893799047706644,6.113460197628549,34.34780067826687
-7.236340973027724,-9.77289742975615,7.01179365214196,16.08045438604835
-6.06835276639893,0.22443575147373274,8.56747218171025,32.422771797488736
-2.6254965867807183,-8.334180405620016,5.475082572796354,26.35745704179456
6.419864596958703,-8.978490396614864,4.5281954557465305,32.44290662411354
-8.057974484138775,9.310332782749466,2.295788806858435,19.396808410238254
6.758898149976076,7.18005279316117,8.243406684907502,31.165172727736234
-8.078031842120739,-6.95945545580861,7.42033364873104,19.29781912641691
9.529189300267916,-9.98671562819591,4.678096577092168,8.106529489680852
-0.6269759670459685,8.833355907795127,5.665890789484025,24.270262134723044
9.535221763806742,-4.4334940335977135,6.986645599706999,20.901505423602597
2.0969103949009202,-6.28204794289005,2.48325030862784,13.850796052055202
4.785271587966033,3.8301621566307062,1.2447801496712823,36.223966723836924
-9.216244154913586,-7.821925223173476,3.8575332926801686,18.39986569376004
-4.343860748471808,-4.707008039943994,6.360265176725467,6.369413900129849
-7.596068775736622,9.50189360424093,5.379454821533129,18.37475090709066
-4.077196049557101,2.7892554894802046,7.232991641768144,19.85784327651294
-7.625445620915119,0.4135558296510702,8.377208250170817,35.157320311795594
-3.6403364121204795,-2.041627703301245,5.395982200572483,32.97141228367652
-1.7147401097066002,5.490019097684041,2.2084032134604237,11.998830506777349
-8.717050073024312,-7.180850469526126,8.655651998190692,34.36602290856048
3.849442387400398,9.346756040739642,6.174912945467029,13.677452988878281
1.3320290841315021,7.222460161315734,7.659437327045836,16.967695185750255
-4.692210181211092,2.353139651384865,7.341981882474624,7.6886458892121965
0.4649610693339934,-9.141876191948837,9.713905941981174,6.937470959702734
-8.121189784831166,4.017112988954754,3.657765901022325,28.83010422838981
1.5189299111235854,8.265686817709618,7.347760955013358,37.31693795826065
8.585923951524283,0.49154134957252005,4.291086998133265,22.255589898324004
-3.628620950973527,-2.9155035634547444,4.558696488267776,34.54327991855041
3.3482075992736338,-7.5944531004106075,3.075351729928493,32.78129373924287
-7.364042751912157,5.098022082751365,4.096091580857685,28.263755318346526
4.32654408237131,7.700437024236123,9.534670764924368,39.23801258912225
-4.211878141055978,-7.994965118483028,3.6331376225284084,33.07657723067351
-6.336172759857663,5.179691095046838,3.2139154536092804,14.619553797499151
1.7302586962016626,-9.658790274818049,6.248241806264398,32.61549861773878
-9.597849076250128,9.34109836154439,3.3223236106757916,29.243157619936625
6.578800584347263,2.3011604127019236,5.2604715303486556,18.98321563227231
-9.906090476149059,1.0487811798326625,8.507586309006133,7.687911457949026
3.556330735924602,-4.081003328221444,3.07360282876458,12.502583536633487
-4.599840536156703,8.58583343139567,4.84022270965528,32.90332620751742
4.703880442451897,-4.68188745326418,6.494407615180287,13.696985084761723
9.243770902348764,6.562932264333899,5.910660321161369,39.925029405817185
-5.02493712960084,9.702173586742639,9.772509136737135,29.28958489959906
1.5231466883567375,5.667932910296116,7.123332289556755,21.702786825116274
1.8408386254367812,0.3797984077286358,7.6595161784359584,24.96528415741745
1.4450381158174679,-8.678514722966561,9.7026035317006,26.380545323950265
-5.538367347187634,-0.5517242165785401,4.729942227056689,38.91306870114182
9.054980230339702,-1.2348810605659288,4.19841833554946,10.660941812103182
-1.0574924276474533,-5.944079176260095,1.394761867897443,14.53385309312641
6.928173449422555,-1.5282472657139117,2.657838758669444,29.835686678993525
3.9895855063500854,-2.8448423183932263,3.1347066884650827,13.395029410024794
-4.051260982897327,-6.726314776967031,2.6515402036420466,35.49540067707176
6.275956394049544,-1.1725171333502775,7.79305503876908,17.12869614803415
-2.0698851830603076,-4.744000873510219,5.822946831485005,11.329378997053668
7.622063942223232,0.4412484136452868,7.008704213126205,6.666726629743646
1.6254574527171748,-9.296798805676117,8.384159447554364,25.84582641112825
7.634707237097057,8.124628395745685,3.076965471573052,33.88487663440931
3.850631801555318,6.327286110397122,3.9333154583934924,14.582758890207693
4.50508559639281,1.0516266502100908,7.375242403329372,37.113882019058714
0.026487638534044677,7.036171655144862,4.534830513140255,31.520699454130167
9.121672694464479,9.247901476216008,1.2634384609093972,7.145523887457466
2.8798039845927477,-7.789554118946789,4.9145969712419015,25.042154883616245
-1.522899028836406,2.6166361681960755,9.174457777738729,24.8604329113843
2.1278642825584875,9.959880018713172,4.681193604335872,12.083030672759309
-9.61613603381333,9.757783386670521,3.990240247984723,16.709053253300254
-3.9685036665090134,2.066459845814892,9.905725746505244,21.03976127543168
3.2034707498537003,-7.439582590983667,6.7997400781331185,6.682723743309645
-4.198447855791119,1.6638566198105647,4.293982238240628,10.242174325006076
2.360308579976831,-9.958707288511565,1.9181757822742664,10.740153618869554
-1.4246259810846773,-6.021773306662808,8.090645004517791,18.27325140597368
-7.290518715550995,9.122463191199198,7.372674401389819,31.157511053680317
-4.034353480879385,-3.3911885479431225,9.297242193237084,34.09562806840406
1.399298214025297,2.76780211553897,2.955480670252075,10.699716610596361
1.8174552249634637,-4.382810107355146,2.034319149894088,31.316711260236946
1.4865049769915757,8.956437742231792,7.516652737681572,28.474848543585928
3.064016397142673,4.571174598989735,2.830562577988261,36.17405871698574
3.0420654000337777,-3.406976848371748,2.584934540105465,38.90769388808101
-1.3716312913205204,5.835228423607417,3.878266018564649,9.356121308347937
7.930931917021262,-7.8366895104732475,8.35142627330594,7.823585149728584
-2.648762599042069,-2.1536211986908116,5.855829445986677,32.990554513320326
-1.2827014946874638,-5.575637445368153,1.4126531959205288,10.675980558005044
7.838467100313441,3.674528945520926,5.175052071933855,11.810108349002242
6.123879780921715,-7.951074364561393,7.155816502298277,35.87125728840394
4.077771670807326,-2.0594833543465185,5.845315946221142,37.863771398588376
-7.995462253753978,-4.467005395816209,6.152051963409003,16.14649353730409
8.389652274893471,0.1268583864760835,3.0229959555339816,34.475883515329784
4.2848259909822275,-3.0020463899224215,8.629653984358132,35.05999183472778
9.976940131357331,4.12821155334022,6.052588458320117,26.188666817571267
-7.011033906840125,-9.508459513860679,7.4192141173660895,24.813095682210072
7.3625211473642835,2.679738426118149,9.836777953119723,25.15434432359634
-6.7501413064725035,-5.3885742061236,4.85378791907079,15.545121567495299
2.311191285676884,-4.625819424863014,8.929599514088576,26.660346362864676
-7.52360034301117,6.005112071670471,1.0655291254701251,13.525309488799952
6.960164586444687,9.111367879608416,1.300665633536081,11.217130152646307
6.146379174500215,-3.6689957994582674,6.312519295559352,19.453265904840222
1.3820147722918659,6.536105407381513,3.8030445598798055,29.702314804455234
-1.8563340554800067,-7.920183240575338,3.234489103177302,26.74996905730125
-8.61666009089724,2.6796330601476637,3.501418214880627,38.77087277688959
3.9485754628912737,5.020645990698377,3.865626411495288,27.625956897800286
-0.9291463464386229,-6.88044143931087,7.560529265290806,9.945991742857215
4.441111989406959,-1.4799522466087893,6.122763750078501,10.642637465238131
7.327646518572585,7.8541432849796315,8.101323753034002,8.257349902724124
9.510430100057718,-7.928430731032556,8.471769218515467,11.691081774895455
7.11606684785222,-9.638072835970497,8.586413733711538,25.928281523769236
-9.76571831629996,1.8117075809586751,4.731797342573988,34.34002662551853
-2.800438710432722,-1.2893691893813308,4.7914605668476975,36.28536782236101
4.59981124848116,5.973784977678054,9.336392921265256,19.0015360339767
-6.56740645477119,8.469110764082131,6.9558723514396945,24.55040600055311
0.4207321240825852,-4.016927109123678,1.7242046558122488,33.321985725278466
-8.913240233214928,-2.2319176566178944,5.879682586832215,15.922468241830918
-6.000069502071998,-0.2745582734137031,4.204065336714162,25.848415155354328
-9.62956411078772,1.7630292087059871,9.886914907447268,11.092887886878298
5.8739540671484125,9.677076593632336,1.1228986581606333,21.678911918133313
-5.521506238792398,3.94660501660103,6.509627857635023,11.057529112721392
-3.0929663860619456,-2.2090298530886248,7.512607849589723,21.184923660470094
8.561625869311818,-4.724646270990758,3.600160942216197,18.888689211865284
4.088288038470655,8.89251436844248,9.762773664308789,20.164268822517265
-9.363221409373843,-7.289031337829872,8.735829643195402,13.52992791372813
-6.706116870041745,4.40531705009516,9.240875568872312,9.761516983247715
2.42956802999527,8.507900505848813,1.1730885341639363,14.648286477195997
1.5445717720833514,3.2933117306887727,6.12884936183328,13.38530137353682
-5.2421435725098275,-1.538911196677578,3.6518521775909205,30.70036709045574
8.684279958495875,-6.02018120149032,8.641257714420966,30.094127554354113
2.27931911931792,-2.6504935549614554,6.695646912234662,25.456904781749532
0.7126560604991656,4.137436188402441,5.849893038889988,8.19668293590713
1.7981995270914197,2.9906844835059374,2.031293527080451,24.81916489980115
4.602440590335393,8.559523331967156,5.862005243075717,7.7732959079209225
-3.761100090407963,7.337218273187499,6.68713731720784,5.636055674668324
-2.035578755678163,6.323015045327367,9.603210783791841,17.34086402981795
-5.803125020497557,8.229017507015246,6.265459093814826,13.419072167236479
-6.276139882393277,-4.473256945259012,9.70660541571089,25.81266885015649
8.887447799678672,-2.60952919720701,9.65445504045996,37.50248708243648
4.791015900985752,-2.402121924279652,6.851803022502377,30.19482097199172
-0.1908238276486589,1.2090117741956057,5.553171857062798,31.85763016898455
-5.451707440533536,3.36436459085542,5.194195694434444,38.2812588629718
-4.912870364592141,-4.265666339192114,9.013407050042044,27.193187831379866
-8.839416793522489,-9.610750653813993,1.2543101467458109,25.220582949343896
-1.3116674888375854,-2.0155523268418136,2.024273782212144,26.065379158344797
-3.764082360117948,-3.82944080891199,1.9186455620723666,35.3031839798613
3.9268697763091893,8.843694380360958,7.812417926089493,18.583466232244476
-2.4449632141503823,7.76530081088087,4.056859214672813,32.83676788858014
-6.407926448807304,7.206213566868392,6.741716902666309,27.82899272420065
-9.506425432173376,3.059995218904861,6.434046134583091,15.660004277368719
-8.655007370735028,-3.1142167060212227,4.472451727682785,5.479094384443209
3.5878554699713465,0.9769853479860942,5.784109500181587,12.3471996530422
-0.9260631088790934,6.304500814327454,6.8062468021449405,29.49960676194014
0.731584222174444,-8.027792625543778,9.468552968903245,25.28916084108322
7.933425860806842,6.021497605106095,6.180706655748833,14.610814493710013
9.806778947934088,-9.176404173437566,6.529307605914829,20.200586499035836
-5.662060312030521,6.328420624287116,1.6107023593339793,28.14020679534946
3.261564062002016,6.1512760831974695,9.569942332841007,9.448014917146395
-4.733552465256987,-8.979853823424884,5.752737351184476,20.129785329792576
-9.586980010685426,2.543214229237165,8.211460778739298,19.58184752436928
5.167573076722828,0.049061486257944154,1.4526195683265017,23.99103570420842
-3.599656983550643,-6.603609936565706,4.788191221633819,23.266978807647327
-2.3307221165620406,-7.032421246452487,3.312779132374314,17.870433977374734
1.766342271072114,5.465182521340463,3.4027830881973093,31.69567700843912
6.620969104723809,1.3538549767368817,8.123083569648365,7.353016399692482
2.5796368718229736,9.659982698330648,6.614800527419682,6.243846538702112
7.453013108947907,9.644955545766884,4.957707806585632,19.709076885943137
-4.529159303687285,9.853339869285328,1.0952716562775406,36.3842987559785
5.960936678251274,-7.627689632684682,9.684351486509769,14.71492726853842
-6.287281113880956,8.765122739279246,9.658209280201515,11.030826364417859
9.055833139438892,-5.1086078195887445,2.957969892520346,37.48729380152817
3.7497655277563062,-0.8357548048277597,1.37211735084901,10.887813910389958
-5.689846457728831,5.148131116434518,5.771794267107119,18.119418784973394
8.947411809778487,-5.9275813584553605,9.562697331547668,30.515542861777224
4.6171161354031565,1.3262321110865987,9.193562611884415,14.132340296716063
-4.921167148099483,-6.283665035480086,6.261965775004569,13.044733472778844
-5.73376045265036,-7.905277866374134,3.7319396558833646,18.918353187604396
0.36401427861326496,-7.668827751408029,3.9696479539227636,32.55776851088888
-9.486745638909369,-2.847219303035624,9.081221963374249,36.88441736068772
-5.850598491177812,-9.90690326325633,5.426056320720193,6.095238476842082
-1.5062906249698749,-1.5029215759662087,2.1800460607043104,10.77878445801721
-2.516600393315489,3.28394210162298,3.235829283762466,38.551045120141765
-0.728491512703787,-1.9662362999202259,3.4911541132074917,25.747695204213894
-4.447425874105361,-8.284107989603298,2.1119201643871843,24.29935942038369
1.735686929163375,-8.746222759527189,5.167399433691622,33.47402877493981
7.277112118464629,-4.437669744702766,9.24445817447492,6.392415430995569
-7.649362880759338,-6.613746189127985,7.0190428869303485,5.484268791054118
0.34758214308228297,9.301899464359387,1.6522653182397051,38.862291739555715
-7.358637873096933,-6.9753955005182995,1.0494533602824645,33.99997399504384
4.337193623851874,6.10924874809993,3.486229007223289,31.158362354539403
-2.0788059438541246,1.7221588348228956,4.264236413145463,10.449526955070336
1.3084262371701794,1.3857383996858879,7.990747021420982,21.681137306514103
-6.334403275718428,0.24161431847569048,9.7030497153733,37.805273849804664
-7.103044813132455,9.43526152227902,4.488104560811893,37.675985846838415
-0.23887438702090869,-2.7231044981672436,7.18021026835175,5.323648744283508
-2.8877452430008876,5.758315019077525,9.954117166176669,31.33719931521551
8.80863890505626,1.1058821493391928,7.710999254875129,5.218321825634863
5.306505076139306,-2.087326647485477,6.7257059417726,39.45056046846948
4.9732723970109465,9.10931866611562,1.7026736876047386,19.593852069849447
8.074394794918668,1.9663193872937423,3.9089368107525724,39.07315652930349
-8.331551291159629,-7.621661157079728,9.220529426114412,17.87113831607231
1.0438493984481312,-1.649215980062868,2.8090493351281514,15.26155517006975
1.6895213791153765,5.631634553632152,8.592313233458874,16.07021873421117
9.23872757094458,3.8749404647842756,7.266913165724549,30.573767332350652
-4.157049464149023,8.326806596731483,4.296919337476792,11.988549187556893
-5.183424401691063,-4.812452317169596,5.7625684274139095,35.242019212742775
-7.994121154690044,5.163874327076476,5.885258218775322,25.670044276935982
-9.671407408170516,-0.8024958521095815,7.426484065664977,38.94688590822444
8.59058633584381,1.4721949393363083,5.649003469892765,39.547971622015204
3.398330931818201,9.100933620125659,2.1976839116574967,11.481370045575087
5.703058240462756,9.585726399783546,7.961092043697214,38.45237187516062
-4.365397884921018,7.231819278511271,4.656452472155069,6.628847023271429
1.7282033237265342,-2.8180582453940755,9.667845011907346,5.975230344308699
-8.720894677580377,7.754016714546395,3.5516240406373094,38.035260206499316
-0.2874480813075415,2.7721835528282597,3.3677090226692616,38.68388581074977
9.549902794888936,-1.4000643905857384,4.001566561076643,10.15366854351964
7.530104906331815,-9.285146349990326,6.1508531436276295,20.484553538614932
-3.236820963263087,5.402562483831643,9.05382766180884,22.293238479586385
9.231403090829971,0.04211161448226086,2.586534761260133,35.10984327814066
-5.36596747057591,5.723769989301214,3.5171091783929818,26.977103511865916
8.986376448313628,4.960455986865398,6.2351185883307565,32.109824847056544
8.827554094129972,5.8713473609670395,5.089008179453636,21.978389590095183
5.984051747047834,-3.986976826064663,5.025905985301528,27.69447957846399
2.608958737335822,6.015971981352621,8.386608358867658,30.739327600905053
7.48575933249894,0.9769265693233464,9.31490472260225,30.825844937105547
-4.139594309844066,-0.533475991017136,5.331762694628937,5.0608239374635335
6.978871106258364,3.502518276415138,7.186166159025464,8.496782580552122
2.357533838350477,-9.572826341233034,8.209528399246544,17.72811543865456
-9.73526284482201,-7.9536636822481155,5.665297693484475,7.141910648623963
-3.055329641355609,-4.156452696649559,3.648847680583618,18.404639582870097
-7.0371827810367,9.659802199156793,6.742761379500553,18.63483969652673
9.636587796365063,-7.2050844227009,6.265981902754533,37.20817380472089
-0.43259385920023874,-3.3880739848157937,9.114065377656493,24.847514921314183
-0.05217269002674563,-8.978938706161529,1.4716633309287044,29.722294818678037
2.789450327974471,-3.374622394145474,9.191182484201201,36.05195387301799
-2.62830787740765,-3.5934742697833677,5.809888253488237,20.474526222726105
-7.261994566288021,8.936143418890442,1.1410850444492253,5.068675060908377
6.44235466388491,6.9030817399144055,4.102319608910093,14.986760861889481
-6.20304176194484,-2.3447156151445707,7.519002074877878,33.49555450131204
0.22637965092912005,-9.504618839215027,5.395897791422497,36.564440943002616
-5.513659420505215,6.620622279907565,9.821431336968931,17.302835339137737
-8.043110310119319,3.210723542890804,4.803490664479437,15.289693854266693
7.243830348433665,-6.952710326973806,3.9397170666340697,37.35768238740567
9.458389780462607,9.921425420203743,8.395047409866113,17.2875807593973
9.216693161260004,-7.995331251517539,5.931160294222282,27.828581582683043
8.131109984423578,7.342290831873257,7.14093921156303,14.810823226769719
5.480946653972776,-4.114676717406221,8.251321042348097,8.427157957675952
-3.3370969594271616,-1.2929306734968584,7.042847915130583,22.543270912510472
-8.377972200240064,5.909130535526293,4.801667452917981,37.31311429913587
-1.8551765717238524,3.5501671198802054,2.123168031048706,26.652426387455677
-5.355317156581146,8.757287488880785,6.222233499141705,12.308931867430703
-7.350247304840341,2.422806509207664,9.076899940563337,28.885035067866454
-8.931456364263495,-8.043796770418945,4.7700318386657345,31.89264004341714
4.511887284211575,7.687207264839007,9.196527113585564,16.22661966702356
-9.771450827499379,5.383110499771821,5.531750378041618,24.57232905008635
5.411614970055524,4.23740901786644,6.58757406198229,28.86835960135629
-7.0610670919924985,-8.925329052925292,8.496896284500785,10.612360088317086
-8.409558348264884,-2.0755451067651194,6.0813739867664935,38.743532892036185
-8.207939315227893,-6.651283610809216,1.8187240536600715,20.79381865074447
3.440956147078289,6.438078168157379,9.828814607203556,39.28825366652232
-5.092655802943105,4.010572456357256,3.2126437172155033,11.635085304557329
-1.5892106663980314,7.661551946382705,7.3945479576717865,21.932074120837555
1.1473758264783385,9.33150213848328,5.546020947559649,10.80487787865432
7.211023476575875,5.4949522838499725,5.308953731359373,5.356328783437855
4.540885254226566,9.88466166441524,3.195467369802023,13.325631040132096
-4.593441895225707,2.2953977228859763,7.499356891300937,19.111556797382917
-7.370344014177448,-9.257407922171044,2.0150943834788855,20.08957582034825
-8.89251359157604,-9.714969696994082,9.914079784253367,36.02768042864716
-3.9680273103811503,-3.1579224959242254,8.608361833964835,27.248704235829464
-4.757637015206435,6.4694343813507444,5.810580460052129,20.205457932648557
-0.8771886639904061,7.322694126494621,4.820976604522086,39.57991948634345
3.6656267109536085,9.216250576453557,3.5781816921388088,26.497851606934
3.9125089127771435,-8.697570629023632,5.514323238466908,16.29320377447401
-4.329623068356668,-9.10857778024672,8.914757158217512,29.19588084237781
-2.40146088199759,8.265671927340673,3.4750576063061525,22.34949729390518
-6.376980765261939,-3.899066032742768,5.504837129228223,35.84086929238603
5.770910246130374,1.1597480121926544,3.1109491186032776,36.377894172216244
-8.863038471335194,9.648897660014196,4.034342022984563,17.857264004240935
3.9399448344997463,-1.9910293052815327,2.712344580309992,24.681866780105043
5.5739079188220675,3.3174279661967976,9.914852745290691,14.30207054162069
5.5481512369750625,-1.9824087273602942,6.1434770181621,26.932286310989248
-4.811548713092901,5.363893289255595,7.595336116330259,39.73214368118862
-2.523737241348771,0.5542945114573161,1.8842492210683304,34.140598123776435
1.7519927039277796,-5.249537240273005,4.295057950668842,17.824346510598886
-4.543561951510659,-4.573877974830676,9.033758227425894,8.338312319772237
-2.5829440156422256,-4.8388157492318555,1.759944937815531,38.833869558073
-6.058914396287207,0.6464065651712154,2.4893490550565183,18.635467253720208
-0.8028823248798531,4.0637803203132865,6.628758493160517,15.268331264338531
-9.107753974917719,8.985598000862844,6.605100946938027,16.071738751694866
5.995917691412361,3.881747501659598,8.544043400085366,22.147317832359636
-8.460871060267346,5.623856879247812,9.419434874842793,38.48629895621502
0.3767029766305203,-6.621477682708687,2.277878278827374,39.531781246672196
-3.8637980090960777,-2.518747499853486,3.3343643667429954,15.364435457333844
1.5508589766275094,-1.7243956028346794,4.847152651239303,17.301404771161977
9.188666816668501,3.7276046000094603,1.0081295696912467,22.913229602311294
2.911404889120078,-4.082160472462528,1.6283287266372544,5.286555102040758
-9.292751284890182,-3.934161571606678,3.0384215014691947,11.119279713543818
-1.3919512098387763,-2.882216907182638,5.329917676142306,37.76206571766822
0.2003370463650036,6.206041630864647,3.2637046435175154,6.0302332971476424
0.7235498940690395,1.5518018008669738,8.890137030007432,8.534169790219032
3.6278502120767584,-8.49445440334531,3.9184558798781,19.722645596180158
-4.448078045364678,-8.435078006190624,9.321605309283658,30.60075872056542
-7.422788690673596,-2.574261114350014,9.77308534661239,14.410738063662198
-2.1464864690581127,5.331821012123166,5.048753805168209,15.708795669386182
9.128114455918976,3.7736685295736105,3.0441593520939128,15.691554304353536
-6.257382164983105,4.159647093023732,3.62499520080703,35.541067436376224
8.079679098564739,5.344201321081938,7.987003134935016,12.913416217959627
0.8761190015465274,-4.2569457422734125,3.4601473701333196,24.68406391046166
-0.8617715670846842,0.9651256388417586,4.4252458112825614,39.99759014565856
7.640828204597792,0.8670528063353906,5.307182726336649,30.496292321255634
-0.8279207646282831,4.792650023598986,6.176000048229858,16.772272935392408
4.483352732230866,9.137411382112926,9.964903962711142,31.791063961634332
-2.0194935659379603,-4.440201104090682,3.089887796472331,38.38704975849631
8.080887858019153,5.865633455140964,4.180813329233519,18.073823250340453
3.8005004038245467,3.199410970465248,3.366020593094599,29.78039340242657
3.9924410850103342,1.6047574172692016,4.250020929793393,7.65314920917862
-3.445591968857622,5.497595586948039,1.907240652051585,36.33538928639496
5.135572854737784,8.880649328561987,4.238287905169424,8.368985361850921
2.721221108942826,-9.26617164261174,8.990785283179495,18.05237836915581
-5.1995945324058095,-7.051997949735586,3.687308630618041,23.98770450017825
-6.789223550294872,5.125744630022314,4.347413018641619,14.22521748575766
5.927829490346635,-8.32417294179831,9.500267479941412,27.724426409551214
9.183332060704451,0.3224740148218608,7.555410966941814,24.4050054587344
-0.837223454799144,-5.602784467167861,5.650648433362435,30.101483410433712
1.8196833064736992,-4.51408592314497,7.994734555630965,17.394877779275628
7.154452883871091,4.036809658888325,2.1086168396905354,24.11048613784357
-0.8555309329228589,-9.396144534625767,5.180413178987581,33.42648900634302
9.037489536654725,7.466388558038073,2.064125158622797,33.37437211005095
1.5150232408974489,-1.1104208929546004,3.1025633051762203,29.998399119815854
6.4153424140262985,0.047865878142021145,2.2768053376623274,23.96775613652428
8.176874368254769,0.800959273873838,4.256211152522254,28.564138527107335
6.310476375371376,2.910885891589878,4.434753883563332,8.040810153921777
-6.811710731020881,-3.1028682675450376,9.525777236499168,21.49610202487564
2.5779687812340075,-7.977850188730173,3.377131580687763,35.10502251066272
-2.031314827606458,-3.6324212666764684,5.251859607848652,26.25776876043248
-8.745740959533086,-6.637157639543593,8.302414635671381,37.95890870387815
-1.5193549622031615,1.1226635890094787,8.340558277929954,14.176248245292832
-4.826318662211846,-3.63942738079227,7.753088683315182,8.37056307387714
6.9807661685702165,9.161343559868698,3.5905038592606564,26.93147024613603
-9.333907469066077,9.314685559605614,5.454744574702214,8.182407543713314
9.17965443726947,2.4025176113648286,2.675904356680509,32.37473771985456
-2.892623030561408,2.349945353345719,2.695595705045238,13.985984285217004
-2.8658621919491427,9.70757129134212,4.922570918244798,23.85631504552798
-9.673429946325843,7.74566302470372,7.64732999118647,33.39819641055644
-6.295353495276322,5.3013989831628,5.739258339980541,32.5812379045105
-1.974809983927825,-3.728187765145976,8.980148987627071,22.359125947772302
8.585828346054278,-2.6892194376384726,8.478179179998182,39.15462446604155
-8.007701395574573,-5.974664684782692,1.28444898538365,22.417160498179424
8.90603066958159,-0.25703746165250685,6.115771385795944,14.757699584186941
7.3897706109326435,9.80737044279159,6.482451379200788,15.585093559309037
-0.916752061848964,8.243019060231774,9.654176298700733,31.027495335704455
-3.465982364634799,-7.633011319610619,1.2091296403797556,20.298746361170778
-5.345117414418863,-9.496194214189877,5.779933938717661,19.65759696749216
2.2892941295374865,7.972753368165325,2.8430322574226716,5.717030834447706
-9.338508170489888,0.7434025589741484,1.4829661566243018,15.684735614736724
-9.687878711063435,-5.996202235830877,6.28739672258551,35.113407794456236
-1.4240855500352438,3.473065391692707,7.953437292695223,33.12265743795014
-8.638518520505595,2.8844635585963996,7.973789043026691,31.127880099393103
-4.961180235078142,-7.558287863270657,1.2725956914031609,5.809493533650198
-5.576781693078323,-4.80799533004761,4.662517602444304,5.944660200109261
-4.9361761255429615,-8.798440713734841,1.4005866443375845,15.901273578680891
-7.378895375694845,-5.802790522597161,3.2305478229169275,21.605864527634665
-9.759275542046915,-7.353886502938742,2.735926324821535,36.84094437951944
-7.690314057225038,-6.135274150508878,2.936643213179415,18.462043560193877
2.3696051902549584,3.7093429182623403,4.052065726310757,15.098375100201245
9.485124256361004,-9.010005114778645,3.4967623765239844,24.99035389066494
9.806900031217879,-7.96290769503567,9.660519201948384,37.01430048423931
-1.8189180925387678,-7.316527238434247,4.171664080084439,30.85235490117875
-6.740911479067893,-3.669177580837319,9.047552637636747,34.98331986927587
2.7752351473305854,-4.0249937829611815,2.629375043688326,11.376917572306152
-0.1938930690252576,-4.898724293667211,7.873721804693928,9.398255585982735
9.78819554568863,5.0107330686483245,1.5521098242217848,24.042489679111252
-8.693915856964395,9.960455755162013,5.164851065224072,29.40797890010375
5.664688766276262,0.6795584725759163,1.0495939621197334,38.424581685688615
-4.232030053370122,8.884054358278842,8.292616867624925,18.00370429597676
-5.17162759846852,-2.067797757478706,9.554374324340055,17.12948982712938
3.2500914306535194,-7.866351063945731,1.315966337444311,23.054900426555463
-5.078736300180711,-1.8245234106032537,9.404617253259831,28.97282778473481
3.317182351183753,-4.077444531706133,7.964685023422176,24.81083219903561
0.34617034404577574,-0.1318607542164365,4.229754209135158,30.306074266640863
-1.5182202312830135,3.1408735383284636,9.179888961005247,18.311022798937167
1.09375617322838,-0.7789956169518355,3.6663154412581087,35.17691705648346
-4.258969601607405,8.703210241556512,4.683657810112858,11.404145775438591
4.131494125459579,7.695296445987598,1.8704013597281948,16.05666249899148
-1.702862613328719,4.039551903323943,6.912450657101296,32.07871823196111
-2.789088790282155,-0.20630175270901674,1.266407458680447,16.74852888927885
6.573138291114756,-7.366254363710862,5.364147476791335,28.385411082950533
8.499338239063842,-2.059726664447332,7.148726652272805,15.072916324553626
-9.079853782254062,4.088030788023474,8.391138408541998,11.548651985165247
-5.34746014340469,-4.302289588925376,2.3494725065949593,15.52563973836038
-3.0296126101487353,-7.920238449131592,7.786813296238456,36.0447653963258
6.299329587404948,8.157969150212562,7.471693211995266,21.13090950420992
9.70982855286595,4.1810161963108925,6.036134807078057,12.889530380837998
9.379434093407035,2.3055285327019437,6.261801380090777,16.250350620776537
8.098966910998538,5.849978112178331,1.821436487711003,5.096983481898868
-4.068874698719402,6.712920751669515,6.404239389163422,31.453290071496003
9.840224868289482,-0.3308200365795333,4.433699863637491,12.898710835148066
-5.011599178870975,7.623765028188799,8.808227662074824,25.927236409467586
-7.881876902355356,8.328380214022108,3.8178899356239118,5.878833836200009
9.01905222110788,-4.568978091504372,6.189355696271722,34.207445119073114
-5.331594890638074,2.1509071958158863,4.839142597310749,11.56056637727243
3.795365301555009,0.5316805764093839,8.886357444252818,5.166893221749449
-8.832872820388227,0.7589155830380498,3.285250002902701,15.541573292789895
4.614181982549523,8.75326187929124,1.7092212427851439,37.21704915930451
7.6344042466767945,-3.8962259461394204,7.737901488848256,14.191497631562253
-4.5512620906807495,9.668679564691523,4.716069552174893,22.6217593341269
-2.418862078451429,8.042624296084643,6.301885232136623,19.253044552519654
-2.514076333581679,-0.8255422277299473,1.23750398542016,15.298724041623034
4.975765150802662,6.3490652723633225,9.568988122576618,37.45737525105498
-5.243855149219224,5.38093988640281,8.89856539646479,32.61482178188044
-6.56293801904714,3.557899392370425,6.614811105195497,31.666966038085
-1.0141670262452394,-3.6033222123369146,1.1532685790135624,23.41374935684339
-3.9106318524536103,-6.070980163580922,4.401788265845889,33.8701585805443
6.783782445173049,3.4305539353151637,9.80916883967934,21.04500303739388
-5.245163479687225,6.8594659280216845,7.131973228662112,21.281634266504447
0.04778914978522941,-9.674944226452606,2.4488907518207723,22.28209221947123
8.851671993958607,2.856067506170241,5.145370737890506,13.291857882859983
2.6799539548932145,-1.1425395075557514,9.700639694591374,37.327815078544646
7.345788109249295,7.961755102539673,5.81237356974934,14.056273620749222
8.804193787095347,-3.570541382915895,1.221530752268421,11.935582497881276
5.015297237727038,-0.5163037547275646,6.5779487584837995,13.531312766605485
3.9915012044950267,0.29534208070372614,3.4409487783804384,33.60732407980787
9.359311332084541,-7.1912095725789404,1.8896135668921392,31.899097318672656
9.888015792953588,4.2578460539781275,4.626176002587037,19.948738295962386
-0.9635663466048072,6.609526902419191,6.026707876890203,5.482366661860388
-8.582604436315833,-8.841814462074796,1.1533664624302244,39.150726163781
-4.144119371189623,-4.172223589261945,6.031421277723528,9.638584212162717
-6.952905886245391,-9.239106369298842,5.600828321556737,34.79979368072838
-1.650272504079764,9.130882093764846,8.14517544788884,32.36030803207633
-7.37421343053488,3.34337641407647,4.811948351338574,37.83265235989777
2.0823560804176395,9.284008389095632,5.981053867028976,32.06894886798511
-2.3438388168429185,0.6298855666261556,7.678083736514137,16.598005678946002
7.907717685764201,6.041370477912277,9.07431284603751,13.11699151949593
9.355893435970039,-2.5117203224052,4.420311184213188,18.21917871422452
0.9376980333884433,-2.9236193485471818,6.414701462048319,12.10805096808361
-4.503528602648068,-2.4346436578973467,7.251498130747436,30.18511617107328
1.844608375236735,3.1572426745285647,1.3894360879797656,33.928152137293864
7.935223164488196,-2.8109369795669554,8.206844576375213,27.625361233903682
-1.8653330832850337,8.007349032084512,4.396871666938544,11.513245595818573
1.0415655338394174,9.665497301003107,7.032150472992488,6.3084648860026
-4.566944647877083,-9.391469693259882,5.244976595844541,25.314044339993757
-0.8911170109994604,-6.127534191950071,7.321052284225366,21.193558677786474
-1.965729292408028,-7.755000148252281,7.51897881312201,11.989637486966133
-5.03173069834058,-9.152719058171135,2.724139121378206,17.88293657771019
0.11732767650616793,-5.44518013305427,6.959568108578054,23.951318946313364
-3.792383480403771,-1.0641335926183775,8.661910940938785,27.152098929680285
-2.5393027223850506,6.739807305773674,3.1201048045447735,21.68253221399864
0.49940884508528427,-5.563519389800078,7.8236512290449,38.998748760739275
5.011900458579749,-0.12109488675597468,6.704426018397013,6.617924016479961
-3.3298506841744935,8.59237478893509,9.596134310253074,28.037276955941444
8.483175332415271,3.3442941357334988,3.342219195625847,36.8345265625739
7.246370936718048,5.961580395119949,2.3884999989220317,13.279747388962875
-9.026194080489429,1.0198794037097247,3.809089137535299,12.47975158241982
-4.927149514863545,9.6093291768126,3.3216290037812684,31.678148261890374
-1.0772897468159606,1.7732430936294836,7.811494844261616,22.02308279368326
-7.907442225150518,-9.08978572074817,7.5979837346211845,39.72621273442587
-3.030480219330059,-6.040344001204103,7.027164107698004,25.619326717209926
4.801950512353649,-1.9045274208570397,2.94741203012639,37.320467672079744
3.6102896228565164,2.025543451475526,8.756261266951807,5.427368188219766
2.4476885713200964,5.438617348179198,9.60914400273035,10.408886716649679
4.210568054446913,-1.7382774819222746,5.784452362977801,28.954666566305637
-5.901526260805965,4.201166100313774,6.844354575664473,19.57632294641061
-3.166037702705358,5.797390062182499,5.506228891185059,34.25875993001431
3.5248496455492564,-3.654796055000345,3.5520194359234347,20.011433239478134
7.5846952606265425,9.585404800716372,3.575328435969438,29.954884372424498
0.873561076561904,2.993129904716712,3.8207847046142183,24.815600596171038
-4.346006981089268,7.6199612157226255,2.717650037477386,9.1966248565018
-9.395294839880348,1.1187537761721345,9.117312693663859,30.128292234746134
4.206736579484268,4.832062143046475,8.725583206420172,29.72301304716943
-9.842317929831193,5.410881232327307,5.154754251869531,9.050135292462514
-2.54641860358009,8.164967584691581,4.305262713041534,24.666901023270515
0.6107442912556351,-6.993004862572594,9.451705208923887,16.747750614205145
8.44222923534386,1.1656684833849695,3.001361223095291,21.059742371602145
-8.210109099341999,-1.4324297378828739,5.981877635201215,19.796554256077158
-1.881153560634326,8.463180423474807,1.4904833998794638,8.6671041487216
-9.513736005796844,-7.898106115020016,2.720819773157041,10.530804520194792
-3.1477803131681936,9.651477773618254,6.436242400235588,8.038301565027757
2.4446211767958985,7.509026481865927,6.959652875597527,11.735645476117668
-4.418641035428033,-8.523474368715029,6.2289623680591575,34.8355535274211
-5.805001006887299,-0.18067228919051104,8.826412743993608,5.858292724202652
-7.6859353334581275,4.351190004250519,9.940646987404723,20.10660376003996
1.5428048804068357,4.7630309138211295,7.874756579376201,33.032773604608174
3.90540011809372,8.129882504758417,5.18582605729383,8.509037158458653
3.4391428119164473,5.99730871164622,8.505412025086924,12.969975655563761
8.977220414410148,-3.7813923931182103,2.0834865474940147,30.460389764540043
-9.945935722129946,-0.031304282750951984,7.149436268013368,27.664335140767342
2.94393307788072,4.035715258717081,5.6650400870809055,24.705834285030814
2.007844741952791,-7.231263172712971,2.6025929763014655,11.007428581986327
1.7747921994057627,-6.120184047996053,9.756402555521927,32.80858541880529
9.255406396804847,-0.3791510378025471,4.045936778008728,9.949493915845363
-9.662566532599206,-4.035084025889746,6.538810653670451,9.717926315307249
3.929648614029002,7.2511849956819,8.907348137724568,32.826226550617406
6.27357299403727,1.7255464304123596,5.560199595233385,17.922816475942636
0.19614393243168315,-3.0266960456326464,2.0362406515878866,15.94159905731714
-3.320702608063817,6.976660512088202,8.368651759125608,14.753521795858275
5.816803264548099,6.097568971084776,4.1789239035292045,16.37402372286605
-8.055141487351507,9.967097541985389,9.847601820026549,16.92056598976618
-1.1592872454014937,6.946153766674698,8.954429018001022,29.372869276228887
0.39904749141676454,-1.7108693038864065,8.681044000140615,13.409177040294537
3.8791282186909513,-7.450022364600231,4.206278597841095,16.38642587158667
-8.18228535935181,6.812818164009556,7.814168000281591,32.167402796452315
-5.444809969242781,-8.80484164079212,9.8769615670143,36.96027006597993
-1.7939687461974874,-2.9945758531029165,5.736894507561982,26.44925895799513
2.4658934604026133,8.394759615425475,5.236589394597084,8.679138031198246
7.7392156243483505,9.215329468902013,1.1319923887486372,23.9554631248018
2.3765233648275306,2.811291870424368,7.3018339186144265,26.97226059785422
-7.330770581301311,3.772966339674271,8.726298117416686,15.991844395243163
9.61160265574565,-9.15091022548955,3.2271146747364696,33.98001305244141
7.4357146951098585,0.289606821790958,3.835221194031911,32.37275837650124
0.054415222906481375,0.937363576126824,5.506093191935408,25.135734735210146
8.44695963593266,-3.197985077517778,1.6487214162536517,10.075545629948916
0.8276158751427154,-8.628063304922314,1.8067822848886328,29.40835129894321
8.466121357783262,-5.421848005512119,4.789996829992727,36.33720323445327
6.597947372066862,-2.840321262776073,3.3509705743307947,13.75353884206327
9.365728205885947,-1.297160269673407,4.654335722794917,38.554006348940284
8.395656215563168,1.818534510671384,5.089476682899442,31.995583896059927
-9.27932365142861,4.447830373964727,9.786460570652064,15.511255117268933
-6.504559916781201,-3.6473625345210774,9.498338380925535,26.58873934390536
-2.217306457976285,-3.4209248016203375,2.257571363857895,15.774677622824308
9.042853945908416,-9.606167145525927,8.943273763590218,8.481375663286293
-3.9994216104814084,-9.182502798119634,1.721859960970707,33.84520343672399
-6.790647122247979,-4.843566113829272,5.568719227459787,28.30324620781613
7.726093321731199,4.804899953499133,2.475189100987888,26.490022794825265
-1.072111690335941,2.566276607478244,4.2930293082124065,9.97605082496317
8.157511887086521,5.395780413556695,7.690062030837982,18.208198960942894
-6.795390673597135,5.378388724296435,4.820549314211649,35.682262800171884
3.2223502301619895,7.131349353386025,8.262561588142002,10.715656127191721
-1.1947249434101632,4.406385319737671,7.4693413993378766,6.676601044899149
-8.470264619394293,9.580218380016458,9.485555015899147,11.690301691156137
3.929262893050012,7.976504386036346,5.807404185272896,13.75630025112024
-5.052024889216926,1.7343433244646853,8.219331585890156,32.42748833180592
-9.207689548409645,1.7631534098234347,3.906163957033467,27.6849514916266
-8.801114035008535,-9.31465919295541,4.111712605808782,5.606996138227226
-8.778429258664254,9.970531554167085,4.604594172233549,5.605137845941883
8.154659149700791,-7.368480052677164,4.698241608682801,24.84137500800194
4.79767835658202,4.806943932631839,1.9292789859937707,27.165235483240107
7.961247144274701,6.420303902486179,5.671890453986772,9.38976583204439
3.4516462259304266,-2.5389094138959356,1.8712289734212302,26.366175322924573
0.5787985806176632,-6.062958906693725,9.007859222377876,13.412316864683902
-3.9110727130524348,-8.0248022641889,1.556603049009638,16.78524698611915
9.95924502657347,4.972120116591556,5.047249872783779,19.309105313451944
-2.7562188212122134,-0.9469294158860855,3.5622465975138744,9.066817868199788
-0.5870210157218096,4.274355180022713,2.3938247408903117,38.70827619057343
-2.435096501530765,8.308152977036013,8.054530217579911,39.081755876964635
9.590538586709172,-7.068325276978866,7.434391590275731,20.57505911812926
-6.506832292099885,8.383420014475995,2.313531011633618,14.011326732809614
-3.440239981838406,-1.7674708098312664,6.694890769956792,38.550805628385895
3.606973320300032,-3.8946598020542194,8.132996505974015,33.63200887915168
-8.735847633227387,8.861245212055582,7.959989983328982,30.34800119453812
2.144987480230821,9.813033852127987,1.830516378970254,21.163412554717375
-0.4470699424716784,-6.022155644651037,7.169614471411986,19.370254550441025
-4.320000464757978,3.1367669390396653,7.4442152879521934,32.27722452968982
-5.23173438151884,-7.870093724578792,8.759496403378245,23.186478721761933
0.2902548659751343,3.0182800771501146,5.57239904978488,28.120374858728283
-2.641448389259173,6.546264555516995,5.149846002730216,24.816754356294418
-0.8696021747468929,3.6899709304813513,9.686046924275228,29.926489250297703
-3.2504523647152013,-1.6533371587480854,8.168610301648782,8.293675142744032
9.409873871919551,-2.338672808724609,6.028578917258401,18.21673824225254
-7.33121136508792,-2.137551695531659,3.9755536418015156,10.848121597845278
-8.063920936432517,1.7942363598584627,8.607141964031596,13.471536500823746
-3.1321654241816788,7.631345401449913,5.098927505179642,12.028849678836327
1.8205380174098256,8.581323145375357,1.8341667294234456,22.616280475635282
3.1835294370005656,-8.929407595853638,5.094138454420959,5.664754597847155
-2.0548650566391586,-6.367552107086234,8.847715565351317,38.73886607029554
9.985559878443421,-7.75551368343423,5.034539322050009,23.16373392433499
-2.962140076139148,-6.133307184661721,1.129142329663151,6.840002997153615
4.428133359199048,-3.067843787816564,6.503367915248226,28.871884412661572
2.7516538906158576,0.13063365245247738,9.962470030702589,14.411081753425679
6.261077264949215,2.589224540183043,8.355237256364607,8.736865740595043
9.524513269076401,4.64284438279403,6.555141519563331,34.06062900912482
7.795873128910806,7.802230827716141,9.229589981180965,11.926766102001347
5.291239487154172,9.781768744595816,8.322235134859557,8.666399410087097
3.964969556365812,3.2571295711423964,5.487754174660364,6.991725841134119
-3.2900366064820075,6.907290373355259,6.3209825686664365,30.499521023695845
-7.046288435865852,5.560776938493978,7.581635282827179,27.93449365629688
-8.747279938803805,-3.8493592156257606,8.617835475809782,5.286969920512592
-5.1619659159703035,7.513845404698461,1.5235876213904027,12.751818915690627
-1.3543703763740282,-9.144737241044023,7.97323471445036,29.663871089086236
0.43992547259964887,-9.992653124970843,5.027530959803817,10.324929914638332
5.461671081097432,-4.525347412230715,6.947187042713867,25.18627740941576
9.17481846113186,-0.7580494074510025,7.88169709862965,12.460476336323756
-7.65359039230378,2.767257900013547,5.8555173252470345,20.723199968377557
-7.859917196124169,-7.964594669109104,2.4266336552235916,35.35980716306234
1.7938944602710158,3.460202676696799,4.685741483664395,15.59087495553451
4.907961478945859,6.0363173411938895,1.691856943771418,29.00903364738309
6.963007606939698,-6.293741608412664,7.2037062203973745,20.339843147398042
8.71664160433577,-1.6974949033641238,9.58335563766775,8.365433900552091
9.66852484521284,0.39969979906619457,8.157275310017683,17.622224777813035
-2.0039661555094828,-0.963859638310387,4.508077805084069,34.44480232218376
-2.393296329448537,5.996598617769413,6.25862346404945,39.056618479387986
-7.043826466054552,9.210447962386617,3.7378060826218222,34.577858471560184
3.698688773671188,5.979063280163599,5.869410395994685,10.677993677074273
3.1352391688167423,-8.440143642483509,3.706542152061762,17.092825445717963
7.241251917024144,6.098711443182545,7.64492281118749,34.09158555123625
-8.054840104247187,-8.668073355288977,3.3340735718832293,24.38635770385179
-0.0444618434931634,-5.2805922951686,9.67618351390505,32.166502899004286
1.6216385934412614,-6.938062063285544,6.957538589561783,32.22241433158766
-5.168859199201632,-6.049617863078291,1.619000629154594,7.488076522054186
-6.619491877416774,0.566302541147012,1.0969998715512383,16.98422979603581
7.191616728392429,3.433797152217073,9.973417097845903,21.76575269085385
-8.829301555288824,-0.5935743532791804,2.984550203942142,38.08286525531358
-0.5875819216385416,9.19391278058487,3.8130647361145984,36.438008035560145
-7.683319973982295,-5.194153599396667,2.875726127818975,19.806119402592692
-0.8588247733726533,5.262804605095859,9.352915952240641,8.348307462042026
9.599246526846187,7.403643570142972,6.868115737017527,19.15898004081336
-1.525872930890543,1.2413222150943817,5.539476912004997,23.756616642444826
7.142498350091348,-0.8755499607689377,6.018857330433133,36.653901698966095
-7.653688716336122,1.9236889355848739,3.8608556256926856,15.320774349942596
-4.574958464762718,-1.4238045967931416,6.527575021274572,15.810245098414557
-1.924145186653309,1.1038776464673887,4.776403271094387,26.951413209174433
-2.0037571998133856,-1.6613209574239676,2.7930533178176127,22.681704427498268
3.4276695734030618,-1.9906057941173199,6.909445897388933,11.855413567058228
-3.1056374524898462,3.9069293627905957,4.364565123332909,10.065453709490278
4.2753373682003275,-8.14297573864064,8.065597412054455,22.13240234318713
2.78373798450785,-6.669158545423583,4.738554617585743,32.27868347400982
-2.0167770949045387,7.023969434300078,5.574442375415767,32.25909380448756
-1.3647974469136148,5.421546936303761,8.087198312628066,39.15312905622068
2.2905539962064143,-4.3709254541121245,5.03090283627758,18.395136935529813
-8.599156197107106,-2.454621346684796,9.695990216117481,18.719626438359136
6.448134767113807,8.520530132569611,8.137258004756005,5.0636823173185235
3.068423222272738,6.361544503477226,8.437873647834806,34.04710778184212
4.526849288356704,2.2869259995926168,9.585284200333549,27.631995542381773
0.7384600216478088,-5.570196423940845,4.499655659588867,31.94727415561618
-7.790457780165106,-9.114960573694608,6.220722377639538,21.47181199806811
-1.8992877340610015,-1.3748430631620359,7.242325667160431,37.20677210243027
-1.8925283430288786,3.4525427851492374,7.061126351865677,6.0189829241450035
-3.5791401991356615,6.569609810357029,9.576431151049176,9.034841395826092
-9.400993501905013,7.053780114845388,3.595137704905011,18.160606724002612
4.745084851929546,-9.344481974132732,3.6222537576339278,7.978706783975023
-7.804310838749986,-5.116859323262412,9.26203961835232,8.076075868777517
2.126162660901702,-3.2181082304519393,8.193750775539037,24.84054377726908
4.064349929344315,-6.225355780812283,2.8302096166263797,12.564270684947113
2.695726458673896,6.059507567276757,6.130421902834909,26.92873236949953
9.1828450395595,5.34931526169885,7.711873606866954,37.52899377508404
-7.934036898297228,0.3366608076194151,4.177327514027582,33.835877339609524
7.3433431821039825,9.65852955991711,4.909440260992511,13.695063564383291
-9.416195303021734,-7.118829178183155,6.178569504948037,8.138202413896305
0.6983370985416784,7.993034066553378,5.203977017933895,38.25673638755721
-1.9151276412148235,-7.670734916761677,7.777381510621296,39.80735759806637
0.48367720787516433,-6.736365889717586,1.0534487831476276,18.107321481281275
-2.698002458799804,3.924384005012376,4.911692719519454,21.123704139989634
-6.1886617011986385,-7.808606159166214,4.038232377959844,10.086678146552329
-9.617542051026204,1.3169019083742164,6.482476475468442,29.856327747218845
0.3629962758234857,-1.5953292705469284,7.983625976932236,19.76417623984943
6.855537253696845,4.569479310820297,1.6853064598137721,33.10553008390433
-2.5356808851041173,8.013504776177303,2.4225376024107317,25.205384899859965
-5.542723639700395,5.397430293381106,6.9857346172782995,6.4974333208321795
-8.389359930563119,6.993797528423766,7.645621969138753,16.72340891762591
-8.293781537625932,-9.341091029375352,6.293815993709519,33.30086597345537
-5.572071074144556,-3.796090035115938,9.845230140711339,29.08398584843744
-7.999718781568896,0.3086617337266482,5.495153401959172,27.13861815826204
-4.699206032710359,-1.6809337074044102,2.2266310158787923,28.537662481062736
-8.677010757660906,-5.374900940406231,7.17661954333972,26.176290646825937
-8.687902655801487,-3.8425180407995345,6.4186796997531825,27.439351430565107
7.1255235924556395,8.908619407832113,6.313793275272371,26.714738662430484
-6.757594785823335,-4.1163824025729685,5.912682717217583,23.66997788266304
1.1936481164689603,-2.9219177964042853,9.45186138594585,31.521149389959458
5.469110888980611,-9.925804524999627,2.162407571439022,17.932239723243118
-0.8718086932186679,6.9015525455574895,1.6587756867248054,21.633341852417555
-6.932622442813086,-6.903185931968467,2.387054524395878,19.050734492189143
-6.008077157597713,-5.9171144897254795,3.204911889144554,12.32236718926746
-1.340315874376385,-4.894709658159488,6.336516874928222,16.266113687495952
0.5646817835707161,7.6924411368968535,6.511827241870609,6.925527716346522
-3.0111941590293023,-5.870971775073706,3.0934168971137583,16.393467187291378
5.629592004693226,5.950527217358799,5.403029493798438,18.67040825265952
5.020432977127969,6.160986806458091,5.338556674909613,8.268443417708834
8.544236147462357,8.540411375727917,5.077996896567025,12.715929539923383
-9.420949019460789,-7.688773727993721,8.231907654213924,13.733961160499433
7.913825824204068,-5.654420553243373,5.245237628880687,12.961457287304107
-2.1486242307569796,4.857965841614426,7.825289463605494,17.257759553338225
7.56744990759988,-6.07998491438522,2.498330186243183,10.070663677449083
3.815695523130591,-4.2734090625310195,5.787706096658512,30.60254748955573
9.746975141479364,-6.665168397772748,8.41694298456876,16.99291993612136
5.1856490343333626,-6.546066276899014,2.599449255246319,9.282783190759428
-2.709107480064268,-0.3689329074358856,5.184299518278961,25.775992346437402
0.021263456695042038,-7.806338757740829,6.481713844321451,11.287686129109794
-2.4722168961129753,-3.5660476307275557,2.6629711735355857,7.03197122371928
-2.7017632795752373,-1.4681218080224205,7.810890453202628,10.715224970866
-4.781910012378805,-9.509037669520449,1.7109662301668567,19.699818421719968
-0.08059409253060856,-2.2333366705109476,9.517739580169469,29.272814017460252
3.6347989013872244,-8.11755127828966,5.2139934479632215,27.452530966994104
-4.4531945738951295,-0.12842937707646662,4.025107777289288,5.18220927759388
0.4875962215444005,6.514763771141926,2.0512630644637633,32.765172837993006
-7.652394116588857,6.368443243635745,4.893369787610783,16.749072246187293
-6.803094262916174,-8.39102968925199,6.938236264516946,28.790049183444943
-9.063872905756226,2.024555153490404,1.8503855122814568,6.143561009742649
9.414628855412658,6.69172763942473,3.7564218565097374,18.782588518030877
-9.922792969794777,-5.2405491413072935,8.5241582449544,5.686367546168606
-6.428400638846874,5.238530228991982,6.815629230384945,33.57209373007903
2.2573350623398465,7.815286929001864,2.857357106718615,11.543851318065752
-8.372608022933894,6.122483028808883,2.4481881621378028,28.60917676316821
7.637930061936647,-7.85397936968991,9.1403652358081,14.697315695413902
4.392403156845763,-9.818800009552302,3.5831819920688592,9.737289001817668
9.327799428757867,-6.165517801563087,2.6155015200876726,37.56033686663018
0.152710944815297,-4.590453181067535,9.999676166883422,25.825861552531777
-3.9919263368302556,2.323659812319189,3.782726450001153,36.17208665546126
0.990011455905428,-2.3145364951536322,2.122661690284273,15.73097905777237
8.616374345959464,4.06814061322947,5.155818667776524,34.04423667874381
0.4152287448372114,-2.9385007895678283,4.909105991786339,37.958881669219885
-4.6558593627536276,-6.9114915069079945,9.34122228247298,18.83143393753759
7.547975783482393,-3.746203130279298,2.207844527286743,36.64458679194564
-2.5616250297507737,7.686484527782699,1.8202276551637615,16.72800099376885
-9.972333000020017,9.170646884901295,1.8368080381601208,16.360999969455186
-5.046299550153681,-5.84974531865263,9.138587192400127,39.85064352682835
-3.6353298164587518,5.769367740488827,5.044322601649694,38.334365686207335
7.175549364638044,-4.533025269202586,2.355458753397031,13.001642109001626
-0.8299366586710999,7.742630868628151,6.344470885413616,34.30207094630009
-1.1082542437739846,-6.689087744074891,5.838610200857489,16.986025717431573
-3.2779546720022523,3.3191983738811377,2.785660729740094,39.27351808923094
7.613562460941591,-8.315774705736349,6.427343254837338,34.743617006602214
8.900535538807826,9.477866479477392,4.06208110885251,36.672175545938835
9.837806583092586,4.012666892810856,3.1453369095778294,25.078572902134546
-2.4651746607802654,6.836314788101706,5.593605498091253,15.295297331241313
9.322948912543428,1.3333867872606913,3.6248433536474884,11.91337522318485
5.837591392618027,-0.46397272142279533,2.999259295850919,23.475517219114657
3.513782952885336,2.437647827887302,8.917501674697068,28.50305038315438
-5.102210411598012,0.5748302339889619,2.4018631891607556,30.962602229329523
-5.670854781115803,-0.61231289709694,3.5253097955634924,10.9634124397037
-6.679043509575086,5.189005029152856,4.475245418648431,23.756079739987175
8.455132204507308,-6.435980901214638,3.4627447927002057,20.263843703332633
-4.118466752336678,-6.57655903689683,2.8963957831999263,12.287847384223419
-0.9381150910224321,-1.3631469870058766,7.9403148734912925,24.353681107558838
-0.12084332025553124,-3.5850416791010797,3.9611454285122334,14.65698026322601
5.563431909005082,-8.517509641739519,2.012616619294046,23.726909498834257
6.884699231060484,6.889409848374687,5.868056462110262,12.003827071530704
-7.218545977027744,5.432056133886995,2.1293964751276926,36.49798879205318
-1.4619127957785256,0.8784299960596957,4.217676466968351,16.833598872185668
6.857097756709145,9.586490745287378,8.936440860450555,26.361711093022755
6.360666115116768,-8.547998669047894,4.322450755955977,9.267654559696357
-7.951724830951672,5.3333860205575,6.69258076859425,27.050601738496354
-6.87233302264074,-4.672592167818063,5.631629824077681,14.521411875199293
-3.916026168011843,-2.6280216011284914,2.2395236120017805,38.47860566299085
-8.492818618333192,-5.614412295938649,6.841626380117517,18.79539931144658
-1.5067399431881423,5.780757829237304,8.704314972404255,26.25922948491503
-7.847645897008362,-7.11519795956868,1.8389122664080966,12.553467798215372
1.3643518733969007,6.800333954705561,7.783120802168124,35.151667100674004
-5.068861203776878,3.231552964596677,7.211901533670804,33.15165213421632
1.9286613069924545,-8.819535094617706,8.799945174974313,13.597235929652003
-7.649487141927247,6.219634632003068,1.9368273892012031,36.8866977802137
9.517677368370666,2.5551143232595876,3.751258414570109,6.405425771194469
8.651224077146807,8.099646391566829,7.248623385037368,31.34005921808589
-2.164061228706684,4.974446128172765,1.1981618099798523,21.02540748699255
-5.156428117478291,1.2224185485954955,7.606681099574398,34.24107880669374
-4.992035742928545,6.730943612383953,8.721807211010088,21.29200886026028
-0.3321292959521589,-4.438995233975557,5.0797364713908175,7.2953733484641035
-9.20014396198566,0.9390012368912721,4.9089691308398695,12.929093630354643
2.79410212150254,-4.127663603931797,3.506220658624294,39.80311921509284
-1.8339418332051043,9.364087821810173,1.045466830045786,16.696216096927905
-2.4518685482222535,-5.476073983159873,2.6767316499972043,10.61068259589015
6.18729942978397,-9.68523520659075,9.81877706580134,33.20407890319211
4.180709203665799,-3.482903159924076,8.80557469409221,6.577443958667528
9.086676307853839,0.05018793939609267,3.3985417487402927,7.32430630140669
-2.9612751900861856,-9.432741315398498,9.673739714089418,15.413157280902814
7.950855292988109,1.1849660006781466,4.309413543579573,6.659034112238885
5.399343725001778,7.4856554990246025,3.6782683727606207,39.849943936230694
-2.8515069681057392,4.094643888333403,2.3752687190489667,29.18951101287464
2.433308729065155,2.459366459566086,9.114499625596066,23.1855254300075
-4.2286008469660885,9.119235014165024,9.882932419601733,33.18082364846923
7.487998341496848,9.165586676842118,3.946702636474142,28.187038021417678
-7.7514536557537745,6.485329394064571,7.3308738102258415,11.06427337865631
-5.75131277411918,2.154836947717021,4.017730688285992,12.687182987711125
-6.339334158401577,-0.2447088100458661,1.944916653749097,35.369300000245204
-1.939479951914226,-9.733677735070653,4.534230761940915,16.79364643708375
4.904659200642582,2.125238124530828,5.964129646850584,20.667411991870743
0.5381489810436069,9.781761507137073,2.1071508325884483,18.689749924317127
-0.24647352923584975,6.362021000480581,8.36445497310785,6.821043420176485
-9.989080702060086,-3.1879071223129607,5.476268052039606,29.66008010492668
-1.4919654928989061,-6.959059499111559,3.109446572541157,23.902592827517548
-8.728924503276831,5.681172289343081,6.33483620688649,28.66490286348756
-5.834934957570324,4.87875641263483,8.13933375448962,14.738098638350017
8.647878779209886,9.34093583958646,3.9486191414677823,19.24198679144419
-5.692035913135236,7.496847238786778,7.31328691960535,11.742741679507679
7.16675277268525,1.1132525054481484,4.850732619826186,19.68889210030192
6.057867431226683,-7.974315060705157,9.676460519610409,27.872199412896183
-6.817075261155143,-0.32998683232079884,7.9384607794245845,38.06411651173638
2.114239145405577,-3.7260989195536602,4.207158122698189,28.22100199601027
-7.686762561899734,0.2481696404967959,1.1597316315558586,23.380590549754956
4.557763167390229,-3.965968507206936,6.917679058423852,19.57285278743565
2.749245547444133,7.236459839511916,2.7808494272636706,8.694238949134311
6.238771233820387,6.886540279656444,2.096912580842195,21.697600392619663
-0.41230901221623917,-3.6906968566588816,9.385988062571144,10.428783260622533
8.297261756667659,1.9916269274798992,9.999540731934252,25.376551407768154
-9.013021064231205,-1.3963828472189181,3.4289993850794662,30.558647716370437
-4.142228699459707,8.181855140571265,3.715916969493442,38.127346409086734
4.301051949303341,-6.252781971473544,2.4849004531435184,15.38985036907883
-1.6378157650399832,3.954568035699186,5.119162983366614,18.891693856513655
-6.540972914576873,9.40750655674433,8.792593838521729,11.40331788338663
-7.855785091429079,-6.4944896087381965,7.3135535691239,35.72791784581514
6.346782229232428,-5.9606714315159355,8.616984022689289,33.8427028557298
-0.5371404306871153,3.874466773444558,3.0563349010622245,32.123596313563255
7.645673438382147,5.583078490498279,7.574104606676321,7.005151349246547
4.66578268633452,-0.1890189041213457,9.266739655564542,24.485180469122255
-1.8054758873851284,2.193729302942426,3.5327450279295136,13.225474671241418
-2.5297797168863267,-5.746351823763424,7.215881892320667,9.188981885280743
0.3127669330250349,-0.46771542865347904,4.60591670520869,32.356458506418626
7.781199063794574,-7.758562382501697,3.612039806430303,12.405348128768868
4.7455715942833585,-3.571561494486706,9.726611218789145,22.528409438668437
-9.896940714619536,-4.304405899380914,4.1376990697146345,23.413372194018926
3.883157027382511,-1.1074927979515987,1.9706471313461855,12.464870141364006
8.390148138116412,8.60252724487394,4.497302886583021,22.22914082128338
4.2091151900898325,-6.374646757043152,5.029104618639841,6.848696415999893
-6.459884368650082,-1.97223506750559,7.769897429493141,5.002535737347226
-0.3296374514508251,2.3119443821928947,9.549228402523024,35.81126760825296
-7.193679641531611,8.931141721480035,8.353512854147914,19.545604573015325
-2.820094433207359,-7.337036169284636,9.378471801295955,36.75969296336744
8.742340838810353,8.35753233986227,5.27554116977438,22.370757590489085
8.466106151174166,-8.37892422731877,7.4738491141279075,20.088790310585768
-4.343262956478342,-0.3851720567947119,3.781446265111622,15.356924923051254
-3.207379116676017,-0.908202655390344,1.6262839766711616,7.859112815756356
2.0042573626258786,-5.807945422456089,4.289261727933942,15.839312724258264
9.2639459052076,-3.05080663768305,7.281237054954679,26.296459281084456
-7.043973318692192,-0.9166946330320371,3.4715989922323933,31.697522152804623
-4.861667126266617,7.304229258212583,8.752653060773689,23.928893117884527
7.47113654581543,9.101282907471195,8.116955649846117,31.53895452937466
-0.16215536583310985,0.3785135727433051,2.746382942661427,10.52130570806456
7.979221844540632,7.401995805888436,3.9775308624172605,25.41339760877108
-6.289642049536475,2.163431713535589,8.427723557941825,35.89111294589986
0.6533717494272135,-3.0182531602464913,3.1954401056016946,12.628607267428118
-3.4746073470125527,-6.116115847730619,3.9844193110041757,12.96841284375466
-3.6691488021504792,-1.7373045643447043,4.08760239180778,31.19513795738177
-1.0624607210760182,0.45648565847695544,8.2093782504319,33.421987469707844
-1.3384510179746307,-9.111132234808876,1.333272390445151,13.681621539293474
-2.8530624064409116,-7.083176682582986,1.6640828480927286,16.604943146572225
8.29941540631237,2.0036884796287993,6.206063933466438,27.111929015771413
4.634883708657856,-5.499968106456759,4.5740079189646,18.945109961621643
4.550939826630593,6.74652752162595,6.695967876496368,26.84038395452385
-4.201731008160891,-3.461155004516188,3.398151485614446,22.37505112338538
1.5541884863368072,-7.9033158549349825,9.186244097334047,32.07779581775537
5.583588666036681,-8.32938822889366,7.848476984570105,34.606102641966345
5.911807370864262,8.742460410635594,1.6097159849535643,35.233952325680605
-3.1093907849137548,-7.6395937751624166,8.055149295565307,26.40337772054451
5.417455131372957,-7.1818047167587995,9.726241350810263,26.440443658173763
4.717877936154659,7.2533211586550586,9.481920585287257,20.737641458679203
-7.169870287561995,-4.914237394453121,7.61935418222903,5.9664915737156905
7.318909371329546,3.3190282150883217,2.1123437813309405,15.471307681214185
-1.1735705963917837,6.334513740597828,6.184690892564086,7.229420147525928
-0.27179102222669016,2.143612802603842,3.558094559564399,20.32248371009136
-1.0326164220400535,9.149770868956988,9.731916492726224,34.7319837143915
1.3569200295501496,4.177657985216827,7.457371528254484,25.888070619668742
2.423384947341095,-7.744969801926834,6.4968903080867735,28.643640939434498
-0.036408684741131125,1.1682005309175985,7.255792383442536,11.580279012197623
7.335770865181914,4.363730521783678,4.941812161987125,14.1683602395978
2.554695123905688,6.0391448074689045,4.354630762938459,10.709625354051308
-1.971441013889601,-9.47357329431817,9.422196214959678,34.49410667911508
-1.6661648618257807,4.377578305428489,3.98734421313418,14.81095545456224
6.216772302579027,6.513616420388992,1.372925185594474,24.681420839543023
-3.036161145069598,4.936676218707131,4.607561387390117,9.939501455665297
-5.770904084351729,0.24698291311196208,8.11306317359505,9.339611791455908
-8.812336239884216,-0.8395807382239422,6.836215222440275,17.16541771256061
7.520536958411483,0.9883716659963167,9.659536979300873,16.562360532100605
8.370929023806998,4.09287397653204,1.9558168085722387,16.509863183399275
-7.597596356730481,8.45828581264971,9.20391672006445,26.032647545691464
-3.310525170077703,2.3407042128224997,4.3196427452265596,16.059655461415556
-6.492558609695123,7.756686125669393,5.266023268797211,31.905755414116996
-7.682030623482405,4.025136948914547,4.85633939040311,8.173476888632447
7.997334860000606,-8.633272451223048,2.048070529831973,16.367505020817
-8.86245481709289,0.016563800032436404,3.2301681015266985,28.421759497572193
9.609713269380137,-4.270273033695153,7.680444123068128,26.10262386671355
-8.070982786052316,-4.296501437348555,1.2070678766112568,9.18304664284694
7.269412983871714,-2.881448975680316,2.204989969476471,20.381572259719313
1.3301221397832546,-3.7053445599904844,1.2268915191221508,15.822751200608783
-2.641650243642532,1.5721996023420033,8.716492515911941,27.11546513101704
-3.1531524674968425,3.6720300070711414,6.555923450036017,9.545459785048127
5.147282864754175,-4.625012258465291,2.5293579590670294,28.469807304429768
-3.7085340999142558,-7.404747548632374,7.918950007483782,21.23413859444264
3.1463783323428363,-8.823825581310757,9.701205377063983,14.621149577173995
0.34652167032160186,1.5150569006110448,9.411043370770164,31.160539778242665
-0.3006870968385904,-6.277396673339952,9.293927930309488,11.576844935963614
8.02324341298323,-9.815040115526013,1.070291938651689,10.328327849706813
1.0929011724051918,8.555061586474082,6.3011214008675065,5.537457779759103
6.537232060973899,0.7428083816648119,3.3096935497512634,35.14551247094457
4.511470682029788,-8.151036395060544,6.081824928788729,22.23279392497032
-9.228855078820033,6.8584222425497074,3.8622726024449916,23.08504632625409
5.4622010501083835,9.664054765802362,2.3829988849535133,9.016691584704237
-5.662594998179187,-1.027986759645657,5.000443510225121,8.772164761666957
8.062992937031431,-9.150207835236836,5.455866944587361,16.682419171314603
-9.14151618782336,-7.64908118487873,9.907889561628622,23.0680725406514
-3.3385593105136246,-2.3669250670913566,1.381490957246861,29.530527666517234
-8.00534105530492,7.710452748977541,3.7103967900754893,22.474462477952493
-0.4882176583031246,-7.039226414444759,8.667044605794903,34.10454508636642
6.400448717395037,6.479801880053909,6.937259483134385,18.208731611144614
-4.036252806738718,-9.700474795619611,8.440147286613062,5.983079718414551
-6.981302053779168,-0.8522260242837802,6.942618267038,19.915329625913948
-3.3946592860620157,2.8879428190113625,7.835826782315197,7.975092026107811
6.277602838412719,-8.792410359488072,5.436295749973516,16.271904957729205
-7.192320844013063,2.295255012329733,2.8438992360783777,39.48041390914426
-5.452751018449964,8.888082429391122,8.290034747534799,35.007398999236514
-8.62296071013252,-6.794801597268099,6.110385891975723,13.275949960562864
4.114200879792154,4.5922276607070565,2.2555467440814674,18.158685095944808
-2.0953351292732636,2.181877958870867,8.244046241837795,20.090779583050875
-3.7832004571336793,-6.29767222241539,9.627273193263203,31.735393219506502
4.372527806823038,-9.875931705812679,4.115474853656192,6.170999473719778
-3.280449153194896,-9.81431098988146,3.6416102687779914,6.351796950976619
4.55542546428836,0.6418481834405725,1.7359766038680946,9.09912536350504
6.30398790628627,8.85558819122387,6.9804210380447405,26.991374390477596
-5.6467431308452305,2.885972549312248,9.63065456646847,19.509131603555655
9.476373936919668,4.285996925874873,2.2239342099244688,34.712397006681684
-6.752841041746665,-0.12269026158925733,5.366436681873839,14.942026157974302
-4.183181866865149,1.6377788526913957,1.8841436618792307,22.12382104333018
-6.404094183329168,-7.47264949338793,1.3069891333883423,29.73750025354105
-3.0898868728733113,7.536412408012616,6.980509456008809,24.082041900775323
-0.398782243584888,5.215852573336036,8.809184578091482,16.087999221493575
0.4435173800423815,9.963979056892192,4.038134825134268,10.33899690146728
7.07212084592544,-4.045541048887573,8.881886569690893,23.921119651854422
7.78895817631733,-5.459644564078843,2.053477892359287,9.97547757917519
-5.597922784381872,-7.496766840773141,3.141646137257286,37.8756560892006
2.4578806437150487,9.284195132320896,9.114460542160467,23.896171371372414
-7.770078854025688,5.617703692560472,5.576589043216032,11.122035669992417
-0.8206027963586333,-6.673507725607227,6.473731454173217,30.22248914209176
-3.5533292390676374,1.0537294221642775,1.3421640928825713,8.624151801192028
-3.669985090927872,-1.7246358386544642,2.1555091913310003,32.0075676490907
-0.3483151657579793,-6.970279843876144,1.5021173125076785,21.00511888776653
4.596552710585351,-6.758540299400691,9.145006659547024,9.64316844293862
-8.61634682415221,9.269399894903714,2.213154674838523,6.302386270808054
7.583466753748091,-3.9007163408455554,8.647055439478791,39.76822977914668
4.696275492611221,8.828785833678864,4.159312294352079,14.602890153067095
-6.470012222218797,-8.487786538698312,8.20537746729202,38.32870177250972
8.783218181747408,-0.7839391541361884,4.285391927110727,22.564271785796777
0.12624448046777204,-7.407619029664798,3.4091563572358883,22.605538437391854
9.996171562339306,-9.904252295176557,1.8429463107015152,8.18744014302467
-6.054810513985247,1.0753214741215302,3.5263593151672037,38.27470365932913
0.6981639676640263,-7.722117903772732,5.243317450455519,30.651355259253037
-4.195039148801431,4.440490618673593,8.35757919007116,23.15547433558429
-3.9165288522150687,3.962327514137991,5.072634592918281,9.20899986758601
1.8213076166798032,-6.4733418507102165,9.742920174438558,11.14867993208999
8.434381337416667,8.834842865310332,5.8746970976934065,20.125831179962432
6.105277111583501,4.4208681686497915,1.224510668302991,17.67905872562759
4.478827970026519,-4.040594716861401,4.738305701721452,24.534830240496646
1.1834756420340433,4.1846752790158135,7.200091966478624,7.672039116502307
8.445970073348953,4.638605553630718,3.1086248162484234,6.412110676141893
-0.15277186618231653,-3.1554733749807884,7.2876695576334285,22.888608034151897
7.476643566694364,-2.4882287507708156,5.533275746633646,5.99754833251753
6.679632877532637,-2.8178698469339984,1.2316399802480378,7.084318390356163
-5.723293063968269,2.3323688710414814,7.969176545321852,18.171951036664222
5.424509259318205,8.008202930803588,6.043363334326676,7.162267440718068
-9.756576861134825,-6.536135275428247,1.7424415277298404,18.491436931572252
-3.54340924903825,7.503992196726369,5.276926301160457,13.461268056830274
-5.408651106161004,-9.44693686989315,3.5856359359727197,11.571960398818067
0.13725916974626884,3.2067719195644493,8.917133883291399,19.1637941020192
4.737063233615711,-1.7112225362061153,3.5643434752652388,9.196636697093997
-8.046472651045518,5.8256310446498745,9.47518363876779,17.23737784917448
0.2984440387353686,4.42396225861806,5.915194744124013,20.2205770278311
8.768240433887712,-0.397843857096321,3.9125233859204918,34.05010314360483
-5.42706898034109,2.8772807344519347,8.321905156758195,37.64821638687778
3.5428228822284815,0.03546261399890405,7.276603405291892,15.79184520631814
